-- phpMyAdmin SQL Dump
-- version 5.2.1
-- https://www.phpmyadmin.net/
--
-- Host: localhost:3306
-- Generation Time: Apr 17, 2024 at 11:19 PM
-- Server version: 10.6.17-MariaDB-cll-lve
-- PHP Version: 8.1.26

SET SQL_MODE = "NO_AUTO_VALUE_ON_ZERO";
START TRANSACTION;
SET time_zone = "+00:00";


/*!40101 SET @OLD_CHARACTER_SET_CLIENT=@@CHARACTER_SET_CLIENT */;
/*!40101 SET @OLD_CHARACTER_SET_RESULTS=@@CHARACTER_SET_RESULTS */;
/*!40101 SET @OLD_COLLATION_CONNECTION=@@COLLATION_CONNECTION */;
/*!40101 SET NAMES utf8mb4 */;

--
-- Database: `Zoom_app_new`
--

-- --------------------------------------------------------

--
-- Table structure for table `answers`
--

CREATE TABLE `answers` (
  `id` int(11) NOT NULL,
  `answer` longtext NOT NULL,
  `question_id` int(11) NOT NULL,
  `user_id` int(11) NOT NULL,
  `created_at` timestamp NOT NULL DEFAULT current_timestamp(),
  `updated_at` timestamp NOT NULL DEFAULT current_timestamp()
) ENGINE=InnoDB DEFAULT CHARSET=latin1 COLLATE=latin1_swedish_ci;

--
-- Dumping data for table `answers`
--

INSERT INTO `answers` (`id`, `answer`, `question_id`, `user_id`, `created_at`, `updated_at`) VALUES
(1, 'don\'t have an idea', 23, 67, '2023-03-20 21:21:45', '2023-03-20 21:21:45'),
(2, 'the name remy is primarily a gender neutral name of French origin that means oarsman or remedy.', 23, 65, '2023-03-21 20:17:37', '2023-03-21 20:17:37'),
(3, 'Using zionodes, you can start mining Bitcoin', 26, 65, '2023-03-21 20:48:00', '2023-03-21 20:48:00'),
(4, 'hiiii', 23, 76, '2023-03-24 11:46:49', '2023-03-24 11:46:49'),
(5, 'Don\'t know', 23, 77, '2023-03-24 15:40:11', '2023-03-24 15:40:11'),
(6, 'Hiii', 31, 77, '2023-03-24 15:49:58', '2023-03-24 15:49:58'),
(7, 'Nothing', 30, 77, '2023-03-24 15:50:38', '2023-03-24 15:50:38'),
(8, 'no', 23, 75, '2023-03-24 19:57:39', '2023-03-24 19:57:39'),
(9, 'yeah !!', 23, 75, '2023-03-24 20:04:29', '2023-03-24 20:04:29'),
(10, 'Hi', 34, 77, '2023-03-24 20:55:04', '2023-03-24 20:55:04'),
(11, 'Hii', 27, 77, '2023-03-24 21:04:45', '2023-03-24 21:04:45'),
(12, 'Let\'s go...', 30, 65, '2023-03-28 22:04:00', '2023-03-28 22:04:00'),
(13, 'How does this works????', 36, 65, '2023-03-28 22:04:39', '2023-03-28 22:04:39'),
(14, 'hiii working fine???', 41, 90, '2023-03-30 13:18:10', '2023-03-30 13:18:10'),
(15, 'hiii this is not working fine', 41, 90, '2023-03-30 13:35:53', '2023-03-30 13:35:53'),
(16, 'Testtt', 41, 65, '2023-03-30 13:36:18', '2023-03-30 13:36:18'),
(17, 'is this working', 41, 65, '2023-03-30 16:41:55', '2023-03-30 16:41:55'),
(18, 'Postman testing!!!!', 41, 65, '2023-03-30 16:53:18', '2023-03-30 16:53:18'),
(19, 'This should work nowww :(', 41, 65, '2023-03-30 16:54:53', '2023-03-30 16:54:53'),
(20, 'Hh', 41, 77, '2023-03-30 17:14:19', '2023-03-30 17:14:19'),
(21, 'Testing Purposes', 38, 77, '2023-03-30 17:14:56', '2023-03-30 17:14:56'),
(22, 'what is this vro', 41, 94, '2023-03-30 23:26:27', '2023-03-30 23:26:27'),
(23, 'ram navmi happy', 39, 94, '2023-03-30 23:27:29', '2023-03-30 23:27:29'),
(24, 'Bhai kya kar rha hai tu', 38, 94, '2023-03-30 23:27:59', '2023-03-30 23:27:59'),
(25, 'Postman testing!!!!', 41, 65, '2023-03-31 16:03:41', '2023-03-31 16:03:41'),
(26, 'Hjkk', 41, 78, '2023-04-05 17:45:54', '2023-04-05 17:45:54'),
(27, 'I don\'t know', 42, 78, '2023-04-06 15:25:26', '2023-04-06 15:25:26'),
(28, 'Rishikesh', 45, 102, '2023-04-14 11:57:16', '2023-04-14 11:57:16'),
(29, 'This app is 100% secure', 46, 65, '2023-04-15 13:47:03', '2023-04-15 13:47:03'),
(30, 'FROM SHOP', 42, 102, '2023-04-15 14:01:51', '2023-04-15 14:01:51'),
(31, 'Hii', 50, 77, '2023-04-21 23:58:32', '2023-04-21 23:58:32'),
(32, 'Yes I know', 51, 107, '2023-04-22 00:20:16', '2023-04-22 00:20:16'),
(33, 'Ofcourse', 53, 65, '2023-04-25 18:56:31', '2023-04-25 18:56:31'),
(34, 'yes', 54, 65, '2023-04-26 01:12:44', '2023-04-26 01:12:44'),
(35, 'yee', 54, 65, '2023-04-26 01:17:24', '2023-04-26 01:17:24'),
(36, 'gvjjc', 54, 65, '2023-04-26 01:22:19', '2023-04-26 01:22:19'),
(37, 'sdsd', 54, 65, '2023-04-26 01:26:40', '2023-04-26 01:26:40'),
(38, 'sdsd', 54, 65, '2023-04-26 01:27:58', '2023-04-26 01:27:58'),
(39, 'sdsd', 54, 65, '2023-04-26 01:28:24', '2023-04-26 01:28:24'),
(40, 'sdsd', 54, 65, '2023-04-26 01:28:44', '2023-04-26 01:28:44'),
(41, 'Hii', 55, 109, '2023-04-26 18:54:33', '2023-04-26 18:54:33'),
(42, 'yes', 56, 94, '2023-05-27 19:17:40', '2023-05-27 19:17:40'),
(43, 'huiii', 57, 113, '2023-07-05 23:59:47', '2023-07-05 23:59:47'),
(44, 'helloo', 57, 113, '2023-07-06 00:00:09', '2023-07-06 00:00:09');

-- --------------------------------------------------------

--
-- Table structure for table `authenticationprovider`
--

CREATE TABLE `authenticationprovider` (
  `id` int(11) NOT NULL,
  `provider_id` varchar(150) NOT NULL,
  `user_id` int(11) NOT NULL
) ENGINE=InnoDB DEFAULT CHARSET=latin1 COLLATE=latin1_swedish_ci;

--
-- Dumping data for table `authenticationprovider`
--

INSERT INTO `authenticationprovider` (`id`, `provider_id`, `user_id`) VALUES
(1, '115860553295466448581', 65),
(2, '104020621069273935416', 96),
(3, '116736851792125143604', 97),
(4, '102247524027744778111', 68),
(5, '111214006107521739071', 94),
(6, '100545687125990935059', 98),
(7, '106737621286446669492', 78),
(8, '107021244220206149136', 79),
(9, '104038449328798', 96),
(10, '109672614783422660598', 100),
(11, '105640001873820662039', 101),
(12, '102896185873676352830', 102);

-- --------------------------------------------------------

--
-- Table structure for table `comment_replies`
--

CREATE TABLE `comment_replies` (
  `id` int(11) NOT NULL,
  `post_comment_id` int(11) NOT NULL,
  `user_id` int(11) NOT NULL,
  `reply` text NOT NULL,
  `created_at` timestamp NOT NULL DEFAULT current_timestamp() ON UPDATE current_timestamp(),
  `updated_at` timestamp NOT NULL DEFAULT current_timestamp()
) ENGINE=InnoDB DEFAULT CHARSET=latin1 COLLATE=latin1_swedish_ci;

--
-- Dumping data for table `comment_replies`
--

INSERT INTO `comment_replies` (`id`, `post_comment_id`, `user_id`, `reply`, `created_at`, `updated_at`) VALUES
(2, 54, 75, 'yes', '2023-03-24 13:13:41', '2023-03-24 06:13:41'),
(3, 54, 75, 'yo', '2023-03-24 15:08:43', '2023-03-24 08:08:43'),
(4, 59, 75, 'hiii', '2023-03-24 15:10:00', '2023-03-24 08:10:00'),
(5, 59, 68, 'hiii', '2023-03-27 10:39:25', '2023-03-27 03:39:25'),
(6, 62, 65, 'hello bro', '2023-03-27 15:27:02', '2023-03-27 08:27:02'),
(7, 66, 65, 'Yes! You are correct', '2023-03-27 15:35:28', '2023-03-27 08:35:28'),
(8, 66, 65, 'Yes! You are correct', '2023-03-27 15:36:21', '2023-03-27 08:36:21'),
(9, 66, 65, 'Yes! You are correct', '2023-03-27 15:38:34', '2023-03-27 08:38:34'),
(10, 66, 65, 'Yes! You are correct', '2023-03-27 15:44:55', '2023-03-27 08:44:55'),
(11, 66, 65, 'Yes! You are correct', '2023-03-27 15:51:56', '2023-03-27 08:51:56'),
(12, 86, 77, 'tyy', '2023-03-30 13:22:18', '2023-03-30 06:22:18'),
(13, 85, 77, 'hhhh', '2023-03-30 13:22:39', '2023-03-30 06:22:39'),
(14, 66, 65, 'Yes! You are correct', '2023-03-31 15:57:52', '2023-03-31 08:57:52'),
(15, 105, 68, 'hiii', '2023-04-21 23:47:44', '2023-04-21 16:47:44'),
(16, 105, 68, 'noo', '2023-04-21 23:53:02', '2023-04-21 16:53:02'),
(17, 109, 68, 'no', '2023-04-22 23:09:58', '2023-04-22 16:09:58'),
(18, 109, 68, 'no no no', '2023-04-22 23:10:22', '2023-04-22 16:10:22'),
(19, 116, 113, 'hiii', '2023-07-05 23:56:34', '2023-07-05 11:26:34');

-- --------------------------------------------------------

--
-- Table structure for table `extras`
--

CREATE TABLE `extras` (
  `id` int(11) NOT NULL,
  `name` varchar(255) NOT NULL,
  `content` longtext DEFAULT NULL,
  `created_at` timestamp NOT NULL DEFAULT current_timestamp() ON UPDATE current_timestamp(),
  `updated_at` timestamp NOT NULL DEFAULT current_timestamp()
) ENGINE=InnoDB DEFAULT CHARSET=latin1 COLLATE=latin1_swedish_ci;

--
-- Dumping data for table `extras`
--

INSERT INTO `extras` (`id`, `name`, `content`, `created_at`, `updated_at`) VALUES
(1, 'privacy_policy', 'evrev', '2023-03-06 10:40:49', '2023-03-06 17:40:49'),
(2, 'terms_and_conditions', '<div data-turbo-body=\"\" class=\"logged-out env-production page-responsive\" style=\"color: rgb(36, 41, 47); font-family: -apple-system, BlinkMacSystemFont, \" segoe=\"\" ui\",=\"\" \"noto=\"\" sans\",=\"\" helvetica,=\"\" arial,=\"\" sans-serif,=\"\" \"apple=\"\" color=\"\" emoji\",=\"\" \"segoe=\"\" ui=\"\" emoji\";=\"\" font-size:=\"\" 14px;=\"\" overflow-wrap:=\"\" break-word;\"=\"\" bis_skin_checked=\"1\"><div class=\"position-relative js-header-wrapper \" bis_skin_checked=\"1\">1516crfev</div></div>', '2023-03-06 10:44:18', '2023-03-06 17:44:18'),
(3, 'about_us', NULL, '2023-02-09 08:29:54', '2023-02-09 08:29:54');

-- --------------------------------------------------------

--
-- Table structure for table `failed_jobs`
--

CREATE TABLE `failed_jobs` (
  `id` bigint(20) UNSIGNED NOT NULL,
  `uuid` varchar(255) NOT NULL,
  `connection` text NOT NULL,
  `queue` text NOT NULL,
  `payload` longtext NOT NULL,
  `exception` longtext NOT NULL,
  `failed_at` timestamp NOT NULL DEFAULT current_timestamp()
) ENGINE=InnoDB DEFAULT CHARSET=utf8mb4 COLLATE=utf8mb4_unicode_ci;

-- --------------------------------------------------------

--
-- Table structure for table `interests`
--

CREATE TABLE `interests` (
  `id` int(11) NOT NULL,
  `name` varchar(200) NOT NULL,
  `image` varchar(200) NOT NULL,
  `status` int(11) NOT NULL DEFAULT 1,
  `created_at` timestamp NOT NULL DEFAULT current_timestamp(),
  `updated_at` timestamp NOT NULL DEFAULT current_timestamp()
) ENGINE=InnoDB DEFAULT CHARSET=latin1 COLLATE=latin1_swedish_ci;

--
-- Dumping data for table `interests`
--

INSERT INTO `interests` (`id`, `name`, `image`, `status`, `created_at`, `updated_at`) VALUES
(6, 'World', 'https://quantumit.online/Zoom_scholar/public/interest/1675921277.jpg', 1, '2023-02-09 12:38:57', '2023-03-06 17:31:01'),
(8, 'Sports', 'https://quantumit.online/Zoom_scholar/public/interest/1675921321.avif', 1, '2023-02-09 12:42:01', '2023-02-09 05:42:01'),
(12, 'Space', 'https://quantumit.online/Zoom_scholar/public/interest/1681282268.jpeg', 1, '2023-04-12 13:51:08', '2023-04-12 06:51:08'),
(13, 'Moives', 'https://quantumit.online/Zoom_scholar/public/interest/1681282324.jpeg', 1, '2023-04-12 13:52:04', '2023-04-12 06:52:04'),
(14, 'Elections', 'https://quantumit.online/Zoom_scholar/public/interest/1681282376.jpeg', 1, '2023-04-12 13:52:56', '2023-04-12 06:52:56'),
(15, 'Spiritual', 'https://quantumit.online/Zoom_scholar/public/interest/1681282435.jpeg', 1, '2023-04-12 13:53:55', '2023-04-12 06:53:55'),
(16, 'Animals', 'https://quantumit.online/Zoom_scholar/public/interest/1681282543.jpeg', 1, '2023-04-12 13:55:43', '2023-04-12 06:55:43');

-- --------------------------------------------------------

--
-- Table structure for table `interest_user`
--

CREATE TABLE `interest_user` (
  `id` int(11) NOT NULL,
  `user_id` int(11) NOT NULL,
  `interest_id` int(11) NOT NULL,
  `created_at` timestamp NOT NULL DEFAULT current_timestamp(),
  `updated_at` timestamp NOT NULL DEFAULT current_timestamp()
) ENGINE=InnoDB DEFAULT CHARSET=latin1 COLLATE=latin1_swedish_ci;

--
-- Dumping data for table `interest_user`
--

INSERT INTO `interest_user` (`id`, `user_id`, `interest_id`, `created_at`, `updated_at`) VALUES
(2, 63, 8, '2023-03-17 11:13:53', '2023-03-17 11:13:53'),
(18, 75, 11, '2023-03-24 11:38:20', '2023-03-24 11:38:20'),
(19, 75, 8, '2023-03-24 11:38:20', '2023-03-24 11:38:20'),
(42, 65, 6, '2023-03-27 16:33:20', '2023-03-27 16:33:20'),
(43, 65, 8, '2023-03-27 16:33:20', '2023-03-27 16:33:20'),
(44, 65, 11, '2023-03-27 16:33:20', '2023-03-27 16:33:20'),
(47, 83, 11, '2023-03-29 06:47:37', '2023-03-29 06:47:37'),
(48, 83, 8, '2023-03-29 06:47:37', '2023-03-29 06:47:37'),
(49, 83, 6, '2023-03-29 06:47:37', '2023-03-29 06:47:37'),
(50, 85, 11, '2023-03-29 06:59:23', '2023-03-29 06:59:23'),
(51, 85, 8, '2023-03-29 06:59:23', '2023-03-29 06:59:23'),
(52, 85, 6, '2023-03-29 06:59:23', '2023-03-29 06:59:23'),
(53, 87, 11, '2023-03-29 08:37:40', '2023-03-29 08:37:40'),
(54, 87, 8, '2023-03-29 08:37:40', '2023-03-29 08:37:40'),
(55, 87, 6, '2023-03-29 08:37:40', '2023-03-29 08:37:40'),
(56, 87, 6, '2023-03-29 08:40:57', '2023-03-29 08:40:57'),
(57, 87, 8, '2023-03-29 08:40:57', '2023-03-29 08:40:57'),
(58, 87, 11, '2023-03-29 08:40:57', '2023-03-29 08:40:57'),
(59, 88, 8, '2023-03-29 08:50:32', '2023-03-29 08:50:32'),
(60, 88, 11, '2023-03-29 08:50:32', '2023-03-29 08:50:32'),
(73, 89, 11, '2023-03-29 10:23:59', '2023-03-29 10:23:59'),
(74, 89, 6, '2023-03-29 10:23:59', '2023-03-29 10:23:59'),
(75, 89, 8, '2023-03-29 10:23:59', '2023-03-29 10:23:59'),
(76, 90, 6, '2023-03-30 03:34:54', '2023-03-30 03:34:54'),
(77, 90, 8, '2023-03-30 03:34:54', '2023-03-30 03:34:54'),
(78, 90, 6, '2023-03-30 03:34:56', '2023-03-30 03:34:56'),
(79, 90, 8, '2023-03-30 03:34:56', '2023-03-30 03:34:56'),
(88, 93, 6, '2023-03-30 08:20:25', '2023-03-30 08:20:25'),
(89, 94, 11, '2023-03-30 10:04:11', '2023-03-30 10:04:11'),
(90, 94, 8, '2023-03-30 10:04:11', '2023-03-30 10:04:11'),
(91, 94, 6, '2023-03-30 10:04:11', '2023-03-30 10:04:11'),
(92, 95, 11, '2023-04-01 03:35:20', '2023-04-01 03:35:20'),
(93, 95, 6, '2023-04-01 03:35:20', '2023-04-01 03:35:20'),
(94, 95, 11, '2023-04-01 03:35:23', '2023-04-01 03:35:23'),
(95, 95, 6, '2023-04-01 03:35:23', '2023-04-01 03:35:23'),
(97, 77, 8, '2023-04-12 06:31:07', '2023-04-12 06:31:07'),
(98, 77, 6, '2023-04-12 06:31:07', '2023-04-12 06:31:07'),
(99, 100, 8, '2023-04-13 16:39:56', '2023-04-13 16:39:56'),
(100, 101, 8, '2023-04-14 04:55:08', '2023-04-14 04:55:08'),
(101, 101, 16, '2023-04-14 04:55:08', '2023-04-14 04:55:08'),
(102, 101, 14, '2023-04-14 04:55:08', '2023-04-14 04:55:08'),
(103, 101, 13, '2023-04-14 04:55:08', '2023-04-14 04:55:08'),
(104, 101, 12, '2023-04-14 04:55:08', '2023-04-14 04:55:08'),
(105, 101, 6, '2023-04-14 04:55:08', '2023-04-14 04:55:08'),
(106, 101, 15, '2023-04-14 04:55:08', '2023-04-14 04:55:08'),
(107, 104, 8, '2023-04-21 15:58:20', '2023-04-21 15:58:20'),
(108, 104, 13, '2023-04-21 15:58:20', '2023-04-21 15:58:20'),
(109, 104, 14, '2023-04-21 15:58:20', '2023-04-21 15:58:20'),
(110, 104, 15, '2023-04-21 15:58:20', '2023-04-21 15:58:20'),
(111, 104, 16, '2023-04-21 15:58:20', '2023-04-21 15:58:20'),
(112, 104, 8, '2023-04-21 15:58:21', '2023-04-21 15:58:21'),
(113, 104, 13, '2023-04-21 15:58:21', '2023-04-21 15:58:21'),
(114, 104, 14, '2023-04-21 15:58:21', '2023-04-21 15:58:21'),
(115, 104, 15, '2023-04-21 15:58:21', '2023-04-21 15:58:21'),
(116, 104, 8, '2023-04-21 15:58:23', '2023-04-21 15:58:23'),
(117, 104, 13, '2023-04-21 15:58:23', '2023-04-21 15:58:23'),
(118, 104, 14, '2023-04-21 15:58:23', '2023-04-21 15:58:23'),
(119, 104, 15, '2023-04-21 15:58:23', '2023-04-21 15:58:23'),
(120, 105, 6, '2023-04-21 16:13:12', '2023-04-21 16:13:12'),
(121, 105, 8, '2023-04-21 16:13:12', '2023-04-21 16:13:12'),
(122, 105, 16, '2023-04-21 16:13:12', '2023-04-21 16:13:12'),
(123, 105, 6, '2023-04-21 16:13:16', '2023-04-21 16:13:16'),
(124, 105, 8, '2023-04-21 16:13:16', '2023-04-21 16:13:16'),
(125, 105, 16, '2023-04-21 16:13:16', '2023-04-21 16:13:16'),
(126, 105, 6, '2023-04-21 16:13:17', '2023-04-21 16:13:17'),
(127, 105, 8, '2023-04-21 16:13:17', '2023-04-21 16:13:17'),
(128, 105, 16, '2023-04-21 16:13:17', '2023-04-21 16:13:17'),
(129, 105, 6, '2023-04-21 16:13:18', '2023-04-21 16:13:18'),
(130, 105, 8, '2023-04-21 16:13:18', '2023-04-21 16:13:18'),
(131, 105, 16, '2023-04-21 16:13:18', '2023-04-21 16:13:18'),
(132, 105, 6, '2023-04-21 16:13:22', '2023-04-21 16:13:22'),
(133, 105, 8, '2023-04-21 16:13:22', '2023-04-21 16:13:22'),
(134, 105, 16, '2023-04-21 16:13:22', '2023-04-21 16:13:22'),
(135, 105, 6, '2023-04-21 16:13:25', '2023-04-21 16:13:25'),
(136, 105, 8, '2023-04-21 16:13:25', '2023-04-21 16:13:25'),
(137, 105, 16, '2023-04-21 16:13:25', '2023-04-21 16:13:25'),
(138, 106, 8, '2023-04-21 16:21:25', '2023-04-21 16:21:25'),
(139, 106, 12, '2023-04-21 16:21:25', '2023-04-21 16:21:25'),
(140, 107, 6, '2023-04-21 16:53:43', '2023-04-21 16:53:43'),
(141, 107, 8, '2023-04-21 16:53:43', '2023-04-21 16:53:43'),
(142, 107, 13, '2023-04-21 16:53:43', '2023-04-21 16:53:43'),
(143, 107, 6, '2023-04-21 16:53:45', '2023-04-21 16:53:45'),
(144, 107, 8, '2023-04-21 16:53:45', '2023-04-21 16:53:45'),
(145, 107, 13, '2023-04-21 16:53:45', '2023-04-21 16:53:45'),
(146, 108, 12, '2023-04-21 17:12:50', '2023-04-21 17:12:50'),
(147, 108, 13, '2023-04-21 17:12:50', '2023-04-21 17:12:50'),
(148, 108, 14, '2023-04-21 17:12:50', '2023-04-21 17:12:50'),
(149, 108, 15, '2023-04-21 17:12:50', '2023-04-21 17:12:50'),
(150, 68, 12, '2023-04-21 17:54:06', '2023-04-21 17:54:06'),
(151, 68, 13, '2023-04-21 17:54:06', '2023-04-21 17:54:06'),
(152, 68, 14, '2023-04-21 17:54:06', '2023-04-21 17:54:06'),
(153, 68, 8, '2023-04-21 17:54:06', '2023-04-21 17:54:06'),
(198, 109, 16, '2023-04-25 05:41:58', '2023-04-25 05:41:58'),
(199, 109, 15, '2023-04-25 05:41:58', '2023-04-25 05:41:58'),
(200, 110, 6, '2023-04-25 07:43:13', '2023-04-25 07:43:13'),
(201, 110, 15, '2023-04-25 07:43:13', '2023-04-25 07:43:13'),
(230, 113, 16, '2023-07-05 11:28:06', '2023-07-05 11:28:06'),
(231, 113, 14, '2023-07-05 11:28:06', '2023-07-05 11:28:06'),
(232, 113, 13, '2023-07-05 11:28:06', '2023-07-05 11:28:06'),
(233, 113, 8, '2023-07-05 11:28:06', '2023-07-05 11:28:06'),
(234, 113, 6, '2023-07-05 11:28:06', '2023-07-05 11:28:06'),
(235, 113, 12, '2023-07-05 11:28:06', '2023-07-05 11:28:06'),
(255, 115, 6, '2023-08-08 08:11:52', '2023-08-08 08:11:52'),
(256, 115, 8, '2023-08-08 08:11:52', '2023-08-08 08:11:52'),
(257, 115, 12, '2023-08-08 08:11:52', '2023-08-08 08:11:52'),
(258, 115, 6, '2023-08-08 08:11:53', '2023-08-08 08:11:53'),
(259, 115, 8, '2023-08-08 08:11:53', '2023-08-08 08:11:53'),
(260, 115, 12, '2023-08-08 08:11:53', '2023-08-08 08:11:53'),
(261, 115, 6, '2023-08-08 08:11:54', '2023-08-08 08:11:54'),
(262, 115, 8, '2023-08-08 08:11:54', '2023-08-08 08:11:54'),
(263, 115, 12, '2023-08-08 08:11:54', '2023-08-08 08:11:54'),
(264, 115, 6, '2023-08-08 08:11:55', '2023-08-08 08:11:55'),
(265, 115, 8, '2023-08-08 08:11:55', '2023-08-08 08:11:55'),
(266, 115, 12, '2023-08-08 08:11:55', '2023-08-08 08:11:55'),
(267, 115, 6, '2023-08-08 08:11:55', '2023-08-08 08:11:55'),
(268, 115, 8, '2023-08-08 08:11:55', '2023-08-08 08:11:55'),
(269, 115, 12, '2023-08-08 08:11:55', '2023-08-08 08:11:55'),
(270, 115, 6, '2023-08-08 08:11:56', '2023-08-08 08:11:56'),
(271, 115, 8, '2023-08-08 08:11:56', '2023-08-08 08:11:56'),
(272, 115, 12, '2023-08-08 08:11:56', '2023-08-08 08:11:56'),
(273, 115, 6, '2023-08-08 08:12:03', '2023-08-08 08:12:03'),
(274, 115, 8, '2023-08-08 08:12:03', '2023-08-08 08:12:03'),
(275, 115, 12, '2023-08-08 08:12:03', '2023-08-08 08:12:03'),
(300, 116, 6, '2023-09-01 03:20:14', '2023-09-01 03:20:14'),
(301, 116, 8, '2023-09-01 03:20:14', '2023-09-01 03:20:14'),
(302, 116, 12, '2023-09-01 03:20:14', '2023-09-01 03:20:14'),
(303, 116, 13, '2023-09-01 03:20:14', '2023-09-01 03:20:14'),
(304, 116, 14, '2023-09-01 03:20:14', '2023-09-01 03:20:14'),
(305, 116, 15, '2023-09-01 03:20:14', '2023-09-01 03:20:14'),
(306, 116, 16, '2023-09-01 03:20:14', '2023-09-01 03:20:14'),
(307, 117, 12, '2023-09-01 03:25:48', '2023-09-01 03:25:48'),
(308, 117, 16, '2023-09-01 03:25:48', '2023-09-01 03:25:48'),
(309, 117, 12, '2023-09-01 03:25:49', '2023-09-01 03:25:49'),
(310, 117, 16, '2023-09-01 03:25:49', '2023-09-01 03:25:49'),
(325, 118, 6, '2023-09-01 03:52:42', '2023-09-01 03:52:42'),
(326, 118, 8, '2023-09-01 03:52:42', '2023-09-01 03:52:42'),
(327, 118, 12, '2023-09-01 03:52:42', '2023-09-01 03:52:42'),
(328, 118, 13, '2023-09-01 03:52:42', '2023-09-01 03:52:42'),
(329, 118, 14, '2023-09-01 03:52:42', '2023-09-01 03:52:42'),
(330, 118, 15, '2023-09-01 03:52:42', '2023-09-01 03:52:42'),
(331, 118, 16, '2023-09-01 03:52:42', '2023-09-01 03:52:42'),
(334, 120, 8, '2023-09-01 04:23:46', '2023-09-01 04:23:46'),
(335, 120, 6, '2023-09-01 04:23:46', '2023-09-01 04:23:46'),
(336, 120, 13, '2023-09-01 04:23:46', '2023-09-01 04:23:46'),
(337, 120, 16, '2023-09-01 04:23:46', '2023-09-01 04:23:46'),
(338, 120, 12, '2023-09-01 04:23:46', '2023-09-01 04:23:46'),
(339, 120, 15, '2023-09-01 04:23:46', '2023-09-01 04:23:46'),
(340, 120, 8, '2023-09-01 04:23:46', '2023-09-01 04:23:46'),
(341, 120, 6, '2023-09-01 04:23:46', '2023-09-01 04:23:46'),
(342, 120, 13, '2023-09-01 04:23:46', '2023-09-01 04:23:46'),
(343, 120, 16, '2023-09-01 04:23:46', '2023-09-01 04:23:46'),
(344, 120, 12, '2023-09-01 04:23:46', '2023-09-01 04:23:46'),
(345, 120, 15, '2023-09-01 04:23:46', '2023-09-01 04:23:46'),
(346, 120, 8, '2023-09-01 04:23:47', '2023-09-01 04:23:47'),
(347, 120, 6, '2023-09-01 04:23:47', '2023-09-01 04:23:47'),
(348, 120, 13, '2023-09-01 04:23:47', '2023-09-01 04:23:47'),
(349, 120, 16, '2023-09-01 04:23:47', '2023-09-01 04:23:47'),
(350, 120, 12, '2023-09-01 04:23:47', '2023-09-01 04:23:47'),
(351, 120, 15, '2023-09-01 04:23:47', '2023-09-01 04:23:47'),
(352, 120, 8, '2023-09-01 04:23:47', '2023-09-01 04:23:47'),
(353, 120, 6, '2023-09-01 04:23:47', '2023-09-01 04:23:47'),
(354, 120, 13, '2023-09-01 04:23:47', '2023-09-01 04:23:47'),
(355, 120, 16, '2023-09-01 04:23:47', '2023-09-01 04:23:47'),
(356, 120, 12, '2023-09-01 04:23:47', '2023-09-01 04:23:47'),
(357, 120, 15, '2023-09-01 04:23:47', '2023-09-01 04:23:47'),
(358, 119, 6, '2023-09-01 04:25:45', '2023-09-01 04:25:45'),
(359, 119, 6, '2023-09-01 04:25:45', '2023-09-01 04:25:45'),
(360, 121, 12, '2023-09-02 14:53:25', '2023-09-02 14:53:25'),
(361, 122, 6, '2023-09-07 18:03:43', '2023-09-07 18:03:43'),
(362, 122, 8, '2023-09-07 18:03:43', '2023-09-07 18:03:43'),
(363, 122, 12, '2023-09-07 18:03:43', '2023-09-07 18:03:43'),
(364, 122, 13, '2023-09-07 18:03:43', '2023-09-07 18:03:43'),
(365, 122, 14, '2023-09-07 18:03:43', '2023-09-07 18:03:43'),
(366, 122, 15, '2023-09-07 18:03:43', '2023-09-07 18:03:43'),
(367, 122, 16, '2023-09-07 18:03:43', '2023-09-07 18:03:43'),
(368, 123, 13, '2023-10-02 23:33:02', '2023-10-02 23:33:02'),
(369, 123, 8, '2023-10-02 23:33:02', '2023-10-02 23:33:02'),
(370, 123, 14, '2023-10-02 23:33:02', '2023-10-02 23:33:02'),
(371, 123, 6, '2023-10-02 23:33:02', '2023-10-02 23:33:02'),
(372, 123, 12, '2023-10-02 23:33:02', '2023-10-02 23:33:02'),
(373, 123, 15, '2023-10-02 23:33:02', '2023-10-02 23:33:02'),
(374, 123, 16, '2023-10-02 23:33:02', '2023-10-02 23:33:02'),
(375, 124, 6, '2023-10-03 00:43:18', '2023-10-03 00:43:18'),
(376, 124, 16, '2023-10-03 00:43:18', '2023-10-03 00:43:18'),
(377, 124, 8, '2023-10-03 00:43:18', '2023-10-03 00:43:18'),
(378, 124, 12, '2023-10-03 00:43:18', '2023-10-03 00:43:18'),
(379, 124, 13, '2023-10-03 00:43:18', '2023-10-03 00:43:18'),
(380, 124, 14, '2023-10-03 00:43:18', '2023-10-03 00:43:18'),
(381, 124, 15, '2023-10-03 00:43:18', '2023-10-03 00:43:18'),
(382, 125, 13, '2023-10-03 01:01:06', '2023-10-03 01:01:06'),
(383, 125, 16, '2023-10-03 01:01:06', '2023-10-03 01:01:06'),
(384, 126, 15, '2023-10-03 01:08:38', '2023-10-03 01:08:38'),
(385, 126, 6, '2023-10-03 01:08:38', '2023-10-03 01:08:38'),
(386, 126, 16, '2023-10-03 01:08:38', '2023-10-03 01:08:38'),
(387, 126, 13, '2023-10-03 01:08:38', '2023-10-03 01:08:38'),
(388, 127, 8, '2023-10-03 01:35:40', '2023-10-03 01:35:40'),
(389, 127, 6, '2023-10-03 01:35:40', '2023-10-03 01:35:40'),
(390, 127, 12, '2023-10-03 01:35:40', '2023-10-03 01:35:40'),
(391, 127, 13, '2023-10-03 01:35:40', '2023-10-03 01:35:40'),
(392, 127, 14, '2023-10-03 01:35:40', '2023-10-03 01:35:40'),
(409, 128, 15, '2023-11-09 01:40:04', '2023-11-09 01:40:04'),
(410, 128, 14, '2023-11-09 01:40:04', '2023-11-09 01:40:04'),
(411, 128, 12, '2023-11-09 01:40:04', '2023-11-09 01:40:04'),
(412, 128, 8, '2023-11-09 01:40:04', '2023-11-09 01:40:04'),
(413, 128, 6, '2023-11-09 01:40:04', '2023-11-09 01:40:04'),
(414, 128, 13, '2023-11-09 01:40:04', '2023-11-09 01:40:04'),
(415, 128, 16, '2023-11-09 01:40:04', '2023-11-09 01:40:04'),
(419, 129, 15, '2023-11-09 01:56:31', '2023-11-09 01:56:31'),
(420, 129, 14, '2023-11-09 01:56:31', '2023-11-09 01:56:31'),
(421, 129, 12, '2023-11-09 01:56:31', '2023-11-09 01:56:31'),
(422, 129, 8, '2023-11-09 01:56:31', '2023-11-09 01:56:31'),
(423, 129, 6, '2023-11-09 01:56:31', '2023-11-09 01:56:31'),
(424, 129, 13, '2023-11-09 01:56:31', '2023-11-09 01:56:31'),
(425, 129, 16, '2023-11-09 01:56:31', '2023-11-09 01:56:31'),
(426, 130, 6, '2023-11-09 02:01:01', '2023-11-09 02:01:01'),
(427, 130, 8, '2023-11-09 02:01:01', '2023-11-09 02:01:01'),
(428, 130, 12, '2023-11-09 02:01:01', '2023-11-09 02:01:01'),
(429, 130, 13, '2023-11-09 02:01:01', '2023-11-09 02:01:01'),
(430, 130, 6, '2023-11-09 02:01:02', '2023-11-09 02:01:02'),
(431, 130, 8, '2023-11-09 02:01:02', '2023-11-09 02:01:02'),
(432, 130, 12, '2023-11-09 02:01:02', '2023-11-09 02:01:02'),
(433, 130, 13, '2023-11-09 02:01:02', '2023-11-09 02:01:02'),
(434, 131, 8, '2023-11-09 02:45:01', '2023-11-09 02:45:01'),
(435, 131, 13, '2023-11-09 02:45:01', '2023-11-09 02:45:01'),
(436, 131, 6, '2023-11-09 02:45:01', '2023-11-09 02:45:01'),
(465, 132, 6, '2023-11-09 04:50:37', '2023-11-09 04:50:37'),
(466, 132, 8, '2023-11-09 04:50:37', '2023-11-09 04:50:37'),
(467, 132, 12, '2023-11-09 04:50:37', '2023-11-09 04:50:37'),
(468, 132, 13, '2023-11-09 04:50:37', '2023-11-09 04:50:37'),
(469, 132, 14, '2023-11-09 04:50:37', '2023-11-09 04:50:37'),
(470, 132, 15, '2023-11-09 04:50:37', '2023-11-09 04:50:37'),
(471, 132, 16, '2023-11-09 04:50:37', '2023-11-09 04:50:37'),
(472, 132, 6, '2023-11-09 04:50:38', '2023-11-09 04:50:38'),
(473, 132, 8, '2023-11-09 04:50:38', '2023-11-09 04:50:38'),
(474, 132, 12, '2023-11-09 04:50:38', '2023-11-09 04:50:38'),
(475, 132, 13, '2023-11-09 04:50:38', '2023-11-09 04:50:38'),
(476, 132, 14, '2023-11-09 04:50:38', '2023-11-09 04:50:38'),
(477, 132, 15, '2023-11-09 04:50:38', '2023-11-09 04:50:38'),
(478, 132, 16, '2023-11-09 04:50:38', '2023-11-09 04:50:38'),
(486, 133, 6, '2023-11-24 00:15:55', '2023-11-24 00:15:55'),
(487, 133, 8, '2023-11-24 00:15:55', '2023-11-24 00:15:55'),
(488, 133, 12, '2023-11-24 00:15:55', '2023-11-24 00:15:55'),
(489, 133, 13, '2023-11-24 00:15:55', '2023-11-24 00:15:55'),
(490, 133, 14, '2023-11-24 00:15:55', '2023-11-24 00:15:55'),
(491, 133, 15, '2023-11-24 00:15:55', '2023-11-24 00:15:55'),
(492, 133, 16, '2023-11-24 00:15:55', '2023-11-24 00:15:55'),
(493, 134, 6, '2023-11-24 00:17:32', '2023-11-24 00:17:32'),
(494, 134, 8, '2023-11-24 00:17:32', '2023-11-24 00:17:32'),
(495, 135, 12, '2023-11-24 00:57:15', '2023-11-24 00:57:15'),
(496, 135, 6, '2023-11-24 00:57:15', '2023-11-24 00:57:15'),
(497, 135, 13, '2023-11-24 00:57:15', '2023-11-24 00:57:15'),
(498, 135, 8, '2023-11-24 00:57:15', '2023-11-24 00:57:15'),
(499, 135, 16, '2023-11-24 00:57:15', '2023-11-24 00:57:15'),
(500, 136, 6, '2023-11-24 01:16:47', '2023-11-24 01:16:47'),
(501, 136, 8, '2023-11-24 01:16:47', '2023-11-24 01:16:47'),
(502, 136, 12, '2023-11-24 01:16:47', '2023-11-24 01:16:47'),
(503, 136, 13, '2023-11-24 01:16:47', '2023-11-24 01:16:47'),
(504, 136, 6, '2023-11-24 01:16:48', '2023-11-24 01:16:48'),
(505, 136, 8, '2023-11-24 01:16:48', '2023-11-24 01:16:48'),
(506, 136, 12, '2023-11-24 01:16:48', '2023-11-24 01:16:48'),
(507, 136, 13, '2023-11-24 01:16:48', '2023-11-24 01:16:48'),
(508, 136, 6, '2023-11-24 01:16:49', '2023-11-24 01:16:49'),
(509, 136, 8, '2023-11-24 01:16:49', '2023-11-24 01:16:49'),
(510, 136, 12, '2023-11-24 01:16:49', '2023-11-24 01:16:49'),
(511, 136, 13, '2023-11-24 01:16:49', '2023-11-24 01:16:49'),
(644, 114, 14, '2024-04-17 14:23:30', '2024-04-17 14:23:30');

-- --------------------------------------------------------

--
-- Table structure for table `migrations`
--

CREATE TABLE `migrations` (
  `id` int(10) UNSIGNED NOT NULL,
  `migration` varchar(255) NOT NULL,
  `batch` int(11) NOT NULL
) ENGINE=InnoDB DEFAULT CHARSET=utf8mb4 COLLATE=utf8mb4_unicode_ci;

--
-- Dumping data for table `migrations`
--

INSERT INTO `migrations` (`id`, `migration`, `batch`) VALUES
(1, '2014_10_12_000000_create_users_table', 1),
(2, '2014_10_12_100000_create_password_resets_table', 1),
(3, '2019_08_19_000000_create_failed_jobs_table', 1),
(4, '2019_12_14_000001_create_personal_access_tokens_table', 1),
(5, '2022_07_07_081120_add_role__to_users_table', 2),
(6, '2022_07_07_104746_create_table__professionals', 3),
(7, '2022_07_07_174254_create_table__skills', 4),
(8, '2022_07_08_060343_create_table_professional_skill', 5);

-- --------------------------------------------------------

--
-- Table structure for table `notifications`
--

CREATE TABLE `notifications` (
  `id` int(11) NOT NULL,
  `from_user_id` int(10) DEFAULT NULL,
  `user_id` int(11) NOT NULL,
  `title` varchar(255) NOT NULL,
  `message` text NOT NULL,
  `image` varchar(200) DEFAULT NULL,
  `post_id` int(10) DEFAULT NULL,
  `question_id` int(11) DEFAULT NULL,
  `comment_id` int(10) DEFAULT NULL,
  `seen` varchar(10) NOT NULL DEFAULT '0' COMMENT '0=unread, 1=read',
  `created_at` timestamp NOT NULL DEFAULT current_timestamp(),
  `updated_at` timestamp NULL DEFAULT NULL ON UPDATE current_timestamp()
) ENGINE=InnoDB DEFAULT CHARSET=latin1 COLLATE=latin1_swedish_ci;

--
-- Dumping data for table `notifications`
--

INSERT INTO `notifications` (`id`, `from_user_id`, `user_id`, `title`, `message`, `image`, `post_id`, `question_id`, `comment_id`, `seen`, `created_at`, `updated_at`) VALUES
(1, 94, 65, 'Zoom Scholar', 'Ashu Singh Commented on Your Post: what is average salary of software developer in India?', 'https://quantumit.online/Zoom_scholar/public/user/1680173229.jpg', NULL, NULL, NULL, '1', '2023-03-31 08:51:36', '2023-03-31 15:51:36'),
(2, 94, 77, 'Zoom Scholar', 'Ashu Singh Commented on Your Post: Testing', 'https://quantumit.online/Zoom_scholar/public/user/1680193504.jpg', NULL, NULL, NULL, '1', '2023-04-03 06:13:17', '2023-04-03 13:13:17'),
(3, 94, 77, 'Zoom Scholar', 'Ashu Singh asnwered on your question: Test questions', 'https://quantumit.online/Zoom_scholar/public/user/1680193504.jpg', NULL, NULL, NULL, '1', '2023-04-03 06:13:16', '2023-04-03 13:13:16'),
(4, 94, 77, 'Zoom Scholar', 'Ashu Singh asnwered on your question: Jay shree ram', 'https://quantumit.online/Zoom_scholar/public/user/1680193504.jpg', NULL, NULL, NULL, '1', '2023-04-03 06:13:18', '2023-04-03 13:13:18'),
(5, 94, 65, 'Zoom Scholar', 'Ashu Singh asnwered on your question: I\'m bored...... what to do in spare time', 'https://quantumit.online/Zoom_scholar/public/user/1680193504.jpg', NULL, NULL, NULL, '1', '2023-03-31 10:40:50', '2023-03-31 17:40:50'),
(6, 65, 77, 'Zoom Scholar', 'ashutosh chauhan Liked Your Post: Hh', 'https://cdn.pixabay.com/photo/2015/10/05/22/37/blank-profile-picture-973460__340.png', 49, NULL, NULL, '1', '2023-04-03 06:12:17', '2023-04-03 13:12:17'),
(7, 65, 67, 'Zoom Scholar', 'ashutosh chauhan Replied on Your Comment', 'https://cdn.pixabay.com/photo/2015/10/05/22/37/blank-profile-picture-973460__340.png', 39, NULL, 66, '1', '2023-03-31 08:58:33', '2023-03-31 15:58:33'),
(8, 65, 77, 'Zoom Scholar', 'ashutosh chauhan asnwered on your question: Test questions', 'https://cdn.pixabay.com/photo/2015/10/05/22/37/blank-profile-picture-973460__340.png', NULL, 41, NULL, '1', '2023-03-31 09:08:48', '2023-03-31 16:08:48'),
(9, 94, 77, 'Zoom Scholar', 'Ashu Singh Commented on Your Post: Hh', 'https://quantumit.online/Zoom_scholar/public/user/1680193504.jpg', 49, NULL, NULL, '1', '2023-04-03 06:11:58', '2023-04-03 13:11:58'),
(10, 94, 77, 'Zoom Scholar', 'Ashu Singh Commented on Your Post: Hh', 'https://quantumit.online/Zoom_scholar/public/user/1680193504.jpg', 49, NULL, NULL, '1', '2023-04-03 06:13:00', '2023-04-03 13:13:00'),
(11, 94, 77, 'Zoom Scholar', 'Ashu Singh Commented on Your Post: Hh', 'https://quantumit.online/Zoom_scholar/public/user/1680193504.jpg', 49, NULL, NULL, '1', '2023-04-03 06:12:55', '2023-04-03 13:12:55'),
(12, 94, 77, 'Zoom Scholar', 'Ashu Singh Liked Your Post: Hh', 'https://quantumit.online/Zoom_scholar/public/user/1680193504.jpg', 49, NULL, NULL, '1', '2023-04-03 06:12:46', '2023-04-03 13:12:46'),
(13, 65, 75, 'Zoom Scholar', 'ashutosh chauhan Commented on Your Post: where is this place ?', 'https://cdn.pixabay.com/photo/2015/10/05/22/37/blank-profile-picture-973460__340.png', 44, NULL, NULL, '0', '2023-03-31 21:11:35', NULL),
(14, 95, 77, 'Zoom Scholar', 'Sachin Mishra Liked Your Post: Testing', 'https://cdn.pixabay.com/photo/2015/10/05/22/37/blank-profile-picture-973460__340.png', 50, NULL, NULL, '1', '2023-04-03 06:12:04', '2023-04-03 13:12:04'),
(15, 65, 77, 'Zoom Scholar', 'ashutosh chauhan Liked Your Post: Testing', 'https://cdn.pixabay.com/photo/2015/10/05/22/37/blank-profile-picture-973460__340.png', 50, NULL, NULL, '1', '2023-04-05 07:22:42', '2023-04-05 14:22:42'),
(16, 77, 77, 'Zoom Scholar', 'Saurabh kumbh Liked Your Post: Testing', 'https://quantumit.online/Zoom_scholar/public/user/1680157525.jpg', 50, NULL, NULL, '1', '2023-04-05 07:22:59', '2023-04-05 14:22:59'),
(17, 77, 77, 'Zoom Scholar', 'Saurabh kumbh Liked Your Post: T', 'https://quantumit.online/Zoom_scholar/public/user/1680157525.jpg', 47, NULL, NULL, '1', '2023-04-05 07:23:33', '2023-04-05 14:23:33'),
(18, 78, 77, 'Zoom Scholar', 'Saurabh kumbharr Liked Your Post: Testing', 'https://cdn.pixabay.com/photo/2015/10/05/22/37/blank-profile-picture-973460__340.png', 50, NULL, NULL, '1', '2023-04-05 10:46:57', '2023-04-05 17:46:57'),
(19, 78, 77, 'Zoom Scholar', 'Saurabh kumbharr Liked Your Post: Hh', 'https://cdn.pixabay.com/photo/2015/10/05/22/37/blank-profile-picture-973460__340.png', 49, NULL, NULL, '1', '2023-04-05 10:47:03', '2023-04-05 17:47:03'),
(20, 78, 77, 'Zoom Scholar', 'Saurabh kumbharr Commented on Your Post: Testing', 'https://cdn.pixabay.com/photo/2015/10/05/22/37/blank-profile-picture-973460__340.png', 50, NULL, NULL, '1', '2023-04-05 10:47:08', '2023-04-05 17:47:08'),
(21, 78, 77, 'Zoom Scholar', 'Saurabh kumbharr asnwered on your question: Test questions', 'https://cdn.pixabay.com/photo/2015/10/05/22/37/blank-profile-picture-973460__340.png', NULL, 41, NULL, '1', '2023-04-05 10:47:20', '2023-04-05 17:47:20'),
(22, 77, 77, 'Zoom Scholar', 'Saurabh kumbhar Liked Your Post: Testing', 'https://quantumit.online/Zoom_scholar/public/user/1680698070.jpg', 51, NULL, NULL, '1', '2023-04-06 08:26:34', '2023-04-06 15:26:34'),
(23, 94, 77, 'Zoom Scholar', 'Ashu Singh Liked Your Post: Testing', 'https://quantumit.online/Zoom_scholar/public/user/1680193504.jpg', 51, NULL, NULL, '0', '2023-04-05 14:21:22', NULL),
(24, 94, 77, 'Zoom Scholar', 'Ashu Singh Commented on Your Post: Testing', 'https://quantumit.online/Zoom_scholar/public/user/1680193504.jpg', 51, NULL, NULL, '1', '2023-04-12 06:15:03', '2023-04-12 13:15:03'),
(25, 94, 94, 'Zoom Scholar', 'Ashu Singh Liked Your Post: who is your favourite cricket player?', 'https://quantumit.online/Zoom_scholar/public/user/1680193504.jpg', 52, NULL, NULL, '1', '2023-04-06 08:23:00', '2023-04-06 15:23:00'),
(26, 94, 94, 'Zoom Scholar', 'Ashu Singh Commented on Your Post: who is your favourite cricket player?', 'https://quantumit.online/Zoom_scholar/public/user/1680193504.jpg', 52, NULL, NULL, '1', '2023-04-06 08:23:08', '2023-04-06 15:23:08'),
(27, 65, 94, 'Zoom Scholar', 'ashutosh chauhan Commented on Your Post: who is your favourite cricket player?', 'https://cdn.pixabay.com/photo/2015/10/05/22/37/blank-profile-picture-973460__340.png', 52, NULL, NULL, '1', '2023-04-06 08:23:13', '2023-04-06 15:23:13'),
(28, 78, 77, 'Zoom Scholar', 'Saurabh kumbharr Liked Your Post: Testing', 'https://cdn.pixabay.com/photo/2015/10/05/22/37/blank-profile-picture-973460__340.png', 51, NULL, NULL, '1', '2023-04-12 06:14:48', '2023-04-12 13:14:48'),
(29, 78, 77, 'Zoom Scholar', 'Saurabh kumbharr Commented on Your Post: Testing', 'https://cdn.pixabay.com/photo/2015/10/05/22/37/blank-profile-picture-973460__340.png', 51, NULL, NULL, '1', '2023-04-06 08:26:25', '2023-04-06 15:26:25'),
(30, 78, 77, 'Zoom Scholar', 'Saurabh kumbharr asnwered on your question: How to get visa for dubai', 'https://cdn.pixabay.com/photo/2015/10/05/22/37/blank-profile-picture-973460__340.png', NULL, 42, NULL, '1', '2023-04-06 08:26:19', '2023-04-06 15:26:19'),
(31, 77, 77, 'Zoom Scholar', 'Saurabh kumbhar Liked Your Post: Testing', 'https://quantumit.online/Zoom_scholar/public/user/1680698070.jpg', 53, NULL, NULL, '0', '2023-04-12 06:19:54', NULL),
(32, 77, 77, 'Zoom Scholar', 'Saurabh kumbhar Liked Your Post: Testing', 'https://quantumit.online/Zoom_scholar/public/user/1680698070.jpg', 53, NULL, NULL, '0', '2023-04-12 06:19:57', NULL),
(33, 77, 94, 'Zoom Scholar', 'Saurabh kumbhar Liked Your Post: who is your favourite cricket player?', 'https://quantumit.online/Zoom_scholar/public/user/1680698070.jpg', 52, NULL, NULL, '0', '2023-04-12 06:19:59', NULL),
(34, 77, 94, 'Zoom Scholar', 'Saurabh kumbhar Liked Your Post: who is your favourite cricket player?', 'https://quantumit.online/Zoom_scholar/public/user/1680698070.jpg', 52, NULL, NULL, '0', '2023-04-12 06:20:00', NULL),
(35, 77, 77, 'Zoom Scholar', 'Saurabh kumbhar Liked Your Post: Testing', 'https://quantumit.online/Zoom_scholar/public/user/1680698070.jpg', 51, NULL, NULL, '0', '2023-04-12 06:20:07', NULL),
(36, 77, 77, 'Zoom Scholar', 'Saurabh kumbhar Liked Your Post: Testing', 'https://quantumit.online/Zoom_scholar/public/user/1680698070.jpg', 53, NULL, NULL, '0', '2023-04-12 06:21:20', NULL),
(37, 77, 77, 'Zoom Scholar', 'Saurabh kumbhar Liked Your Post: Testing', 'https://quantumit.online/Zoom_scholar/public/user/1680698070.jpg', 53, NULL, NULL, '0', '2023-04-12 06:21:21', NULL),
(38, 77, 94, 'Zoom Scholar', 'Saurabh kumbhar Liked Your Post: who is your favourite cricket player?', 'https://quantumit.online/Zoom_scholar/public/user/1680698070.jpg', 52, NULL, NULL, '0', '2023-04-12 06:21:21', NULL),
(39, 77, 77, 'Zoom Scholar', 'Saurabh kumbhar Liked Your Post: Testing', 'https://quantumit.online/Zoom_scholar/public/user/1680698070.jpg', 50, NULL, NULL, '0', '2023-04-12 06:21:26', NULL),
(40, 77, 77, 'Zoom Scholar', 'Saurabh kumbhar Liked Your Post: Hh', 'https://quantumit.online/Zoom_scholar/public/user/1680698070.jpg', 49, NULL, NULL, '0', '2023-04-12 06:21:31', NULL),
(41, 77, 77, 'Zoom Scholar', 'Saurabh kumbhar Liked Your Post: Hh', 'https://quantumit.online/Zoom_scholar/public/user/1680698070.jpg', 46, NULL, NULL, '1', '2023-04-12 11:23:46', '2023-04-12 18:23:46'),
(42, 77, 77, 'Zoom Scholar', 'Saurabh kumbhar Liked Your Post: Hjkl', 'https://quantumit.online/Zoom_scholar/public/user/1680698070.jpg', 45, NULL, NULL, '0', '2023-04-12 06:28:42', NULL),
(43, 68, 77, 'Zoom Scholar', 'suraj shukla Liked Your Post: Testing', 'https://quantumit.online/Zoom_scholar/public/user/1679629116.jpg', 53, NULL, NULL, '0', '2023-04-12 09:51:05', NULL),
(44, 68, 94, 'Zoom Scholar', 'suraj shukla Liked Your Post: who is your favourite cricket player?', 'https://quantumit.online/Zoom_scholar/public/user/1679629116.jpg', 52, NULL, NULL, '0', '2023-04-12 09:51:11', NULL),
(45, 68, 77, 'Zoom Scholar', 'suraj shukla Liked Your Post: Testing', 'https://quantumit.online/Zoom_scholar/public/user/1679629116.jpg', 51, NULL, NULL, '0', '2023-04-12 09:51:12', NULL),
(46, 68, 77, 'Zoom Scholar', 'suraj shukla Liked Your Post: Testing', 'https://quantumit.online/Zoom_scholar/public/user/1679629116.jpg', 50, NULL, NULL, '0', '2023-04-12 09:51:15', NULL),
(47, 68, 77, 'Zoom Scholar', 'suraj shukla Liked Your Post: Hh', 'https://quantumit.online/Zoom_scholar/public/user/1679629116.jpg', 49, NULL, NULL, '0', '2023-04-12 09:51:18', NULL),
(48, 68, 77, 'Zoom Scholar', 'suraj shukla Liked Your Post: Hjkl', 'https://quantumit.online/Zoom_scholar/public/user/1679629116.jpg', 45, NULL, NULL, '0', '2023-04-12 09:51:19', NULL),
(49, 68, 75, 'Zoom Scholar', 'suraj shukla Liked Your Post: where is this place ?', 'https://quantumit.online/Zoom_scholar/public/user/1679629116.jpg', 44, NULL, NULL, '0', '2023-04-12 09:51:21', NULL),
(50, 68, 77, 'Zoom Scholar', 'suraj shukla Liked Your Post: Testing', 'https://quantumit.online/Zoom_scholar/public/user/1679629116.jpg', 53, NULL, NULL, '0', '2023-04-12 09:55:11', NULL),
(51, 68, 77, 'Zoom Scholar', 'suraj shukla Liked Your Post: Testing', 'https://quantumit.online/Zoom_scholar/public/user/1679629116.jpg', 51, NULL, NULL, '0', '2023-04-12 09:56:13', NULL),
(52, 68, 77, 'Zoom Scholar', 'suraj shukla Liked Your Post: Hh', 'https://quantumit.online/Zoom_scholar/public/user/1679629116.jpg', 46, NULL, NULL, '0', '2023-04-12 09:57:14', NULL),
(53, 68, 77, 'Zoom Scholar', 'suraj shukla Liked Your Post: Hh', 'https://quantumit.online/Zoom_scholar/public/user/1679629116.jpg', 49, NULL, NULL, '0', '2023-04-12 10:00:16', NULL),
(54, 68, 67, 'Zoom Scholar', 'suraj shukla Liked Your Post: Zoom Scholar', 'https://quantumit.online/Zoom_scholar/public/user/1679629116.jpg', 41, NULL, NULL, '0', '2023-04-12 10:00:30', NULL),
(55, 68, 63, 'Zoom Scholar', 'suraj shukla Liked Your Post: Vacation', 'https://quantumit.online/Zoom_scholar/public/user/1679629116.jpg', 38, NULL, NULL, '0', '2023-04-12 10:00:39', NULL),
(56, 68, 63, 'Zoom Scholar', 'suraj shukla Liked Your Post: Happiness', 'https://quantumit.online/Zoom_scholar/public/user/1679629116.jpg', 36, NULL, NULL, '0', '2023-04-12 10:00:42', NULL),
(57, 68, 77, 'Zoom Scholar', 'suraj shukla Liked Your Post: Hh', 'https://quantumit.online/Zoom_scholar/public/user/1679629116.jpg', 49, NULL, NULL, '0', '2023-04-12 10:07:39', NULL),
(58, 68, 67, 'Zoom Scholar', 'suraj shukla Liked Your Post: Zoom Scholar', 'https://quantumit.online/Zoom_scholar/public/user/1679629116.jpg', 41, NULL, NULL, '0', '2023-04-12 10:08:03', NULL),
(59, 68, 75, 'Zoom Scholar', 'suraj shukla Liked Your Post: where is this place ?', 'https://quantumit.online/Zoom_scholar/public/user/1679629116.jpg', 44, NULL, NULL, '0', '2023-04-12 10:08:04', NULL),
(60, 68, 94, 'Zoom Scholar', 'suraj shukla Liked Your Post: who is your favourite cricket player?', 'https://quantumit.online/Zoom_scholar/public/user/1679629116.jpg', 52, NULL, NULL, '0', '2023-04-12 10:08:30', NULL),
(61, 65, 77, 'Zoom Scholar', 'ashutosh chauhan Liked Your Post: Testing', 'https://cdn.pixabay.com/photo/2015/10/05/22/37/blank-profile-picture-973460__340.png', 53, NULL, NULL, '0', '2023-04-12 10:08:56', NULL),
(62, 68, 94, 'Zoom Scholar', 'suraj shukla Liked Your Post: who is your favourite cricket player?', 'https://quantumit.online/Zoom_scholar/public/user/1679629116.jpg', 52, NULL, NULL, '0', '2023-04-12 10:09:12', NULL),
(63, 68, 77, 'Zoom Scholar', 'suraj shukla Liked Your Post: Testing', 'https://quantumit.online/Zoom_scholar/public/user/1679629116.jpg', 50, NULL, NULL, '0', '2023-04-12 10:10:31', NULL),
(64, 68, 77, 'Zoom Scholar', 'suraj shukla Liked Your Post: Hh', 'https://quantumit.online/Zoom_scholar/public/user/1679629116.jpg', 49, NULL, NULL, '0', '2023-04-12 10:10:59', NULL),
(65, 68, 77, 'Zoom Scholar', 'suraj shukla Liked Your Post: T', 'https://quantumit.online/Zoom_scholar/public/user/1679629116.jpg', 47, NULL, NULL, '0', '2023-04-12 10:12:21', NULL),
(66, 68, 77, 'Zoom Scholar', 'suraj shukla Liked Your Post: Hh', 'https://quantumit.online/Zoom_scholar/public/user/1679629116.jpg', 46, NULL, NULL, '0', '2023-04-12 10:12:40', NULL),
(67, 68, 77, 'Zoom Scholar', 'suraj shukla Liked Your Post: Testing', 'https://quantumit.online/Zoom_scholar/public/user/1679629116.jpg', 51, NULL, NULL, '0', '2023-04-12 10:17:28', NULL),
(68, 65, 94, 'Zoom Scholar', 'ashutosh chauhan Commented on Your Post: who is your favourite cricket player?', 'https://cdn.pixabay.com/photo/2015/10/05/22/37/blank-profile-picture-973460__340.png', 52, NULL, NULL, '0', '2023-04-12 10:37:20', NULL),
(69, 77, 94, 'Zoom Scholar', 'Saurabh kumbhar Liked Your Post: who is your favourite cricket player?', 'https://quantumit.online/Zoom_scholar/public/user/1680698070.jpg', 52, NULL, NULL, '0', '2023-04-12 10:46:29', NULL),
(70, 77, 94, 'Zoom Scholar', 'Saurabh kumbhar Liked Your Post: who is your favourite cricket player?', 'https://quantumit.online/Zoom_scholar/public/user/1680698070.jpg', 52, NULL, NULL, '0', '2023-04-12 10:46:45', NULL),
(71, 77, 77, 'Zoom Scholar', 'Saurabh kumbhar Liked Your Post: Testing', 'https://quantumit.online/Zoom_scholar/public/user/1680698070.jpg', 51, NULL, NULL, '0', '2023-04-12 10:46:46', NULL),
(72, 77, 77, 'Zoom Scholar', 'Saurabh kumbhar Liked Your Post: Testing', 'https://quantumit.online/Zoom_scholar/public/user/1680698070.jpg', 50, NULL, NULL, '0', '2023-04-12 10:46:47', NULL),
(73, 77, 77, 'Zoom Scholar', 'Saurabh kumbhar Liked Your Post: Hh', 'https://quantumit.online/Zoom_scholar/public/user/1680698070.jpg', 49, NULL, NULL, '0', '2023-04-12 10:46:48', NULL),
(74, 77, 77, 'Zoom Scholar', 'Saurabh kumbhar Liked Your Post: T', 'https://quantumit.online/Zoom_scholar/public/user/1680698070.jpg', 47, NULL, NULL, '0', '2023-04-12 10:46:50', NULL),
(75, 68, 77, 'Zoom Scholar', 'suraj shukla Liked Your Post: Hjkl', 'https://quantumit.online/Zoom_scholar/public/user/1679629116.jpg', 45, NULL, NULL, '0', '2023-04-12 10:53:43', NULL),
(76, 77, 77, 'Zoom Scholar', 'Saurabh kumbhar Liked Your Post: Testing', 'https://quantumit.online/Zoom_scholar/public/user/1680698070.jpg', 53, NULL, NULL, '0', '2023-04-12 11:09:59', NULL),
(77, 77, 77, 'Zoom Scholar', 'Saurabh kumbhar Liked Your Post: Testing', 'https://quantumit.online/Zoom_scholar/public/user/1680698070.jpg', 53, NULL, NULL, '0', '2023-04-12 11:09:59', NULL),
(78, 77, 77, 'Zoom Scholar', 'Saurabh kumbhar Liked Your Post: Testing', 'https://quantumit.online/Zoom_scholar/public/user/1680698070.jpg', 53, NULL, NULL, '0', '2023-04-12 11:10:00', NULL),
(79, 77, 63, 'Zoom Scholar', 'Saurabh kumbhar Liked Your Post: Vacation', 'https://quantumit.online/Zoom_scholar/public/user/1680698070.jpg', 38, NULL, NULL, '0', '2023-04-12 11:11:03', NULL),
(80, 77, 77, 'Zoom Scholar', 'Saurabh kumbhar Liked Your Post: Testing', 'https://quantumit.online/Zoom_scholar/public/user/1680698070.jpg', 51, NULL, NULL, '0', '2023-04-12 11:11:27', NULL),
(81, 77, 77, 'Zoom Scholar', 'Saurabh kumbhar Liked Your Post: Testing', 'https://quantumit.online/Zoom_scholar/public/user/1680698070.jpg', 53, NULL, NULL, '0', '2023-04-12 11:14:57', NULL),
(82, 77, 94, 'Zoom Scholar', 'Saurabh kumbhar Liked Your Post: who is your favourite cricket player?', 'https://quantumit.online/Zoom_scholar/public/user/1680698070.jpg', 52, NULL, NULL, '0', '2023-04-12 11:15:13', NULL),
(83, 77, 77, 'Zoom Scholar', 'Saurabh kumbhar Liked Your Post: Testing', 'https://quantumit.online/Zoom_scholar/public/user/1680698070.jpg', 51, NULL, NULL, '1', '2023-04-12 11:15:59', '2023-04-12 18:15:59'),
(84, 77, 77, 'Zoom Scholar', 'Saurabh kumbhar Liked Your Post: Testing', 'https://quantumit.online/Zoom_scholar/public/user/1680698070.jpg', 53, NULL, NULL, '0', '2023-04-12 17:28:45', NULL),
(85, 77, 94, 'Zoom Scholar', 'Saurabh kumbhar Liked Your Post: who is your favourite cricket player?', 'https://quantumit.online/Zoom_scholar/public/user/1680698070.jpg', 52, NULL, NULL, '0', '2023-04-12 17:28:47', NULL),
(86, 77, 63, 'Zoom Scholar', 'Saurabh kumbhar Liked Your Post: Lila', 'https://quantumit.online/Zoom_scholar/public/user/1680698070.jpg', 37, NULL, NULL, '0', '2023-04-12 17:28:51', NULL),
(87, 77, 63, 'Zoom Scholar', 'Saurabh kumbhar Liked Your Post: Lila', 'https://quantumit.online/Zoom_scholar/public/user/1680698070.jpg', 37, NULL, NULL, '0', '2023-04-12 17:28:59', NULL),
(88, 78, 77, 'Zoom Scholar', 'Saurabh kumbharr Liked Your Post: Testing', 'https://cdn.pixabay.com/photo/2015/10/05/22/37/blank-profile-picture-973460__340.png', 53, NULL, NULL, '0', '2023-04-13 01:27:50', NULL),
(89, 78, 94, 'Zoom Scholar', 'Saurabh kumbharr Liked Your Post: who is your favourite cricket player?', 'https://cdn.pixabay.com/photo/2015/10/05/22/37/blank-profile-picture-973460__340.png', 52, NULL, NULL, '0', '2023-04-13 01:27:52', NULL),
(90, 79, 77, 'Zoom Scholar', 'Saurabh kumbhar Liked Your Post: Testing', 'https://cdn.pixabay.com/photo/2015/10/05/22/37/blank-profile-picture-973460__340.png', 50, NULL, NULL, '0', '2023-04-13 01:28:24', NULL),
(91, 77, 77, 'Zoom Scholar', 'Saurabh kumbhar Liked Your Post: Testing', 'https://quantumit.online/Zoom_scholar/public/user/1680698070.jpg', 50, NULL, NULL, '0', '2023-04-13 01:32:15', NULL),
(92, 77, 77, 'Zoom Scholar', 'Saurabh kumbhar Liked Your Post: Testing', 'https://quantumit.online/Zoom_scholar/public/user/1680698070.jpg', 53, NULL, NULL, '0', '2023-04-13 01:34:50', NULL),
(93, 77, 77, 'Zoom Scholar', 'Saurabh kumbhar Liked Your Post: Testing', 'https://quantumit.online/Zoom_scholar/public/user/1680698070.jpg', 53, NULL, NULL, '0', '2023-04-13 01:35:28', NULL),
(94, 79, 77, 'Zoom Scholar', 'Saurabh kumbhar Liked Your Post: Testing', 'https://cdn.pixabay.com/photo/2015/10/05/22/37/blank-profile-picture-973460__340.png', 53, NULL, NULL, '0', '2023-04-13 01:36:16', NULL),
(95, 79, 94, 'Zoom Scholar', 'Saurabh kumbhar Liked Your Post: who is your favourite cricket player?', 'https://cdn.pixabay.com/photo/2015/10/05/22/37/blank-profile-picture-973460__340.png', 52, NULL, NULL, '0', '2023-04-13 01:36:18', NULL),
(96, 79, 77, 'Zoom Scholar', 'Saurabh kumbhar Liked Your Post: T', 'https://cdn.pixabay.com/photo/2015/10/05/22/37/blank-profile-picture-973460__340.png', 47, NULL, NULL, '0', '2023-04-13 01:36:23', NULL),
(97, 77, 77, 'Zoom Scholar', 'Saurabh kumbhar Liked Your Post: Testing', 'https://quantumit.online/Zoom_scholar/public/user/1680698070.jpg', 53, NULL, NULL, '0', '2023-04-13 03:57:46', NULL),
(98, 79, 77, 'Zoom Scholar', 'Saurabh kumbhar Liked Your Post: Testing', 'https://cdn.pixabay.com/photo/2015/10/05/22/37/blank-profile-picture-973460__340.png', 50, NULL, NULL, '0', '2023-04-13 03:58:33', NULL),
(99, 79, 77, 'Zoom Scholar', 'Saurabh kumbhar Liked Your Post: Testing', 'https://cdn.pixabay.com/photo/2015/10/05/22/37/blank-profile-picture-973460__340.png', 53, NULL, NULL, '0', '2023-04-13 04:02:08', NULL),
(100, 101, 94, 'Zoom Scholar', 'abhay lama Commented on Your Post: who is your favourite cricket player?', 'https://cdn.pixabay.com/photo/2015/10/05/22/37/blank-profile-picture-973460__340.png', 52, NULL, NULL, '0', '2023-04-14 04:54:21', NULL),
(101, 102, 101, 'Zoom Scholar', 'Srishti Rawat asnwered on your question: What is the best place in Uttarakhand to visit with family', 'https://cdn.pixabay.com/photo/2015/10/05/22/37/blank-profile-picture-973460__340.png', NULL, 45, NULL, '0', '2023-04-14 04:57:16', NULL),
(102, 102, 79, 'Zoom Scholar', 'Srishti Rawat Liked Your Post: Qa', 'https://cdn.pixabay.com/photo/2015/10/05/22/37/blank-profile-picture-973460__340.png', 54, NULL, NULL, '0', '2023-04-15 06:42:10', NULL),
(103, 102, 77, 'Zoom Scholar', 'Srishti Rawat Liked Your Post: Testing', 'https://cdn.pixabay.com/photo/2015/10/05/22/37/blank-profile-picture-973460__340.png', 51, NULL, NULL, '0', '2023-04-15 06:42:15', NULL),
(104, 102, 77, 'Zoom Scholar', 'Srishti Rawat Liked Your Post: Hh', 'https://cdn.pixabay.com/photo/2015/10/05/22/37/blank-profile-picture-973460__340.png', 49, NULL, NULL, '0', '2023-04-15 06:42:58', NULL),
(105, 65, 102, 'Zoom Scholar', 'ashutosh chauhan asnwered on your question: THIS app is secure or not', 'https://cdn.pixabay.com/photo/2015/10/05/22/37/blank-profile-picture-973460__340.png', NULL, 46, NULL, '0', '2023-04-15 06:47:03', NULL),
(106, 65, 79, 'Zoom Scholar', 'ashutosh chauhan Liked Your Post: Qa', 'https://cdn.pixabay.com/photo/2015/10/05/22/37/blank-profile-picture-973460__340.png', 54, NULL, NULL, '0', '2023-04-15 06:47:17', NULL),
(107, 65, 77, 'Zoom Scholar', 'ashutosh chauhan Liked Your Post: Testing', 'https://cdn.pixabay.com/photo/2015/10/05/22/37/blank-profile-picture-973460__340.png', 53, NULL, NULL, '0', '2023-04-15 06:47:20', NULL),
(108, 102, 77, 'Zoom Scholar', 'Srishti Rawat asnwered on your question: How to get visa for dubai', 'https://cdn.pixabay.com/photo/2015/10/05/22/37/blank-profile-picture-973460__340.png', NULL, 42, NULL, '0', '2023-04-15 07:01:51', NULL),
(109, 102, 77, 'Zoom Scholar', 'Srishti Rawat Liked Your Post: Testing', 'https://cdn.pixabay.com/photo/2015/10/05/22/37/blank-profile-picture-973460__340.png', 51, NULL, NULL, '0', '2023-04-20 05:38:19', NULL),
(110, 79, 79, 'Zoom Scholar', 'Saurabh kumbhar Liked Your Post: Qa', 'https://quantumit.online/Zoom_scholar/public/user/1681363539.jpg', 54, NULL, NULL, '0', '2023-04-21 16:10:18', NULL),
(111, 77, 79, 'Zoom Scholar', 'Saurabh kumbhar Liked Your Post: Qa', 'https://quantumit.online/Zoom_scholar/public/user/1680698070.jpg', 54, NULL, NULL, '0', '2023-04-21 16:10:53', NULL),
(112, 77, 79, 'Zoom Scholar', 'Saurabh kumbhar Liked Your Post: Qa', 'https://quantumit.online/Zoom_scholar/public/user/1680698070.jpg', 54, NULL, NULL, '0', '2023-04-21 16:11:48', NULL),
(113, 68, 79, 'Zoom Scholar', 'suraj shukla Commented on Your Post: Qa', 'https://quantumit.online/Zoom_scholar/public/user/1679629116.jpg', 54, NULL, NULL, '0', '2023-04-21 16:12:08', NULL),
(114, 105, 79, 'Zoom Scholar', 'sjjs jsjs Liked Your Post: Qa', 'https://cdn.pixabay.com/photo/2015/10/05/22/37/blank-profile-picture-973460__340.png', 54, NULL, NULL, '0', '2023-04-21 16:16:04', NULL),
(115, 105, 77, 'Zoom Scholar', 'sjjs jsjs Liked Your Post: Testing', 'https://cdn.pixabay.com/photo/2015/10/05/22/37/blank-profile-picture-973460__340.png', 53, NULL, NULL, '0', '2023-04-21 16:16:07', NULL),
(116, 105, 77, 'Zoom Scholar', 'sjjs jsjs Liked Your Post: Testing', 'https://cdn.pixabay.com/photo/2015/10/05/22/37/blank-profile-picture-973460__340.png', 53, NULL, NULL, '0', '2023-04-21 16:16:10', NULL),
(117, 105, 94, 'Zoom Scholar', 'sjjs jsjs Liked Your Post: who is your favourite cricket player?', 'https://cdn.pixabay.com/photo/2015/10/05/22/37/blank-profile-picture-973460__340.png', 52, NULL, NULL, '0', '2023-04-21 16:16:25', NULL),
(118, 105, 79, 'Zoom Scholar', 'sjjs jsjs Commented on Your Post: Qa', 'https://quantumit.online/Zoom_scholar/public/user/1682093821.jpg', 54, NULL, NULL, '0', '2023-04-21 16:25:47', NULL),
(119, 77, 79, 'Zoom Scholar', 'Saurabh kumbhar Liked Your Post: Qa', 'https://quantumit.online/Zoom_scholar/public/user/1680698070.jpg', 54, NULL, NULL, '0', '2023-04-21 16:40:02', NULL),
(120, 68, 68, 'Zoom Scholar', 'suraj shukla Replied on Your Comment', 'https://quantumit.online/Zoom_scholar/public/user/1679629116.jpg', 54, NULL, 105, '0', '2023-04-21 16:47:44', NULL),
(121, 68, 68, 'Zoom Scholar', 'suraj shukla Replied on Your Comment', 'https://quantumit.online/Zoom_scholar/public/user/1679629116.jpg', 54, NULL, 105, '0', '2023-04-21 16:53:02', NULL),
(122, 107, 79, 'Zoom Scholar', 'km nms Liked Your Post: Qa', 'https://cdn.pixabay.com/photo/2015/10/05/22/37/blank-profile-picture-973460__340.png', 54, NULL, NULL, '0', '2023-04-21 16:54:14', NULL),
(123, 107, 77, 'Zoom Scholar', 'km nms Liked Your Post: Hh', 'https://cdn.pixabay.com/photo/2015/10/05/22/37/blank-profile-picture-973460__340.png', 46, NULL, NULL, '0', '2023-04-21 16:54:29', NULL),
(124, 107, 77, 'Zoom Scholar', 'km nms Liked Your Post: T', 'https://cdn.pixabay.com/photo/2015/10/05/22/37/blank-profile-picture-973460__340.png', 47, NULL, NULL, '0', '2023-04-21 16:54:30', NULL),
(125, 107, 77, 'Zoom Scholar', 'km nms Liked Your Post: Hh', 'https://cdn.pixabay.com/photo/2015/10/05/22/37/blank-profile-picture-973460__340.png', 49, NULL, NULL, '0', '2023-04-21 16:54:32', NULL),
(126, 107, 77, 'Zoom Scholar', 'km nms Commented on Your Post: Testing', 'https://cdn.pixabay.com/photo/2015/10/05/22/37/blank-profile-picture-973460__340.png', 50, NULL, NULL, '0', '2023-04-21 16:54:38', NULL),
(127, 77, 107, 'Zoom Scholar', 'Saurabh kumbhar asnwered on your question: Hj', 'https://quantumit.online/Zoom_scholar/public/user/1680698070.jpg', NULL, 50, NULL, '0', '2023-04-21 16:58:32', NULL),
(128, 107, 77, 'Zoom Scholar', 'km nms Liked Your Post: Testing', 'https://cdn.pixabay.com/photo/2015/10/05/22/37/blank-profile-picture-973460__340.png', 53, NULL, NULL, '0', '2023-04-21 17:08:17', NULL),
(129, 108, 79, 'Zoom Scholar', 'Suraj Shukla Commented on Your Post: Qa', 'https://cdn.pixabay.com/photo/2015/10/05/22/37/blank-profile-picture-973460__340.png', 54, NULL, NULL, '0', '2023-04-21 17:13:54', NULL),
(130, 103, 77, 'Zoom Scholar', 'Grace Fusi Liked Your Post: T', 'https://cdn.pixabay.com/photo/2015/10/05/22/37/blank-profile-picture-973460__340.png', 47, NULL, NULL, '0', '2023-04-21 17:14:43', NULL),
(131, 103, 77, 'Zoom Scholar', 'Grace Fusi Liked Your Post: T', 'https://cdn.pixabay.com/photo/2015/10/05/22/37/blank-profile-picture-973460__340.png', 47, NULL, NULL, '0', '2023-04-21 17:14:45', NULL),
(132, 107, 108, 'Zoom Scholar', 'km nms asnwered on your question: what do you think about Bitcoin ?', 'https://cdn.pixabay.com/photo/2015/10/05/22/37/blank-profile-picture-973460__340.png', NULL, 51, NULL, '0', '2023-04-21 17:20:16', NULL),
(133, 107, 108, 'Zoom Scholar', 'km nms Liked Your Post: My new post.', 'https://cdn.pixabay.com/photo/2015/10/05/22/37/blank-profile-picture-973460__340.png', 55, NULL, NULL, '0', '2023-04-21 17:24:40', NULL),
(134, 107, 108, 'Zoom Scholar', 'km nms Commented on Your Post: My new post.', 'https://cdn.pixabay.com/photo/2015/10/05/22/37/blank-profile-picture-973460__340.png', 55, NULL, NULL, '0', '2023-04-21 17:24:51', NULL),
(135, 107, 108, 'Zoom Scholar', 'km nms Liked Your Post: My new post.', 'https://cdn.pixabay.com/photo/2015/10/05/22/37/blank-profile-picture-973460__340.png', 55, NULL, NULL, '0', '2023-04-21 17:25:00', NULL),
(136, 107, 108, 'Zoom Scholar', 'km nms Liked Your Post: My new post.', 'https://cdn.pixabay.com/photo/2015/10/05/22/37/blank-profile-picture-973460__340.png', 55, NULL, NULL, '0', '2023-04-21 17:25:02', NULL),
(137, 107, 108, 'Zoom Scholar', 'km nms Liked Your Post: My new post.', 'https://cdn.pixabay.com/photo/2015/10/05/22/37/blank-profile-picture-973460__340.png', 55, NULL, NULL, '0', '2023-04-21 17:25:29', NULL),
(138, 107, 108, 'Zoom Scholar', 'km nms Liked Your Post: My new post.', 'https://cdn.pixabay.com/photo/2015/10/05/22/37/blank-profile-picture-973460__340.png', 55, NULL, NULL, '0', '2023-04-21 17:25:30', NULL),
(139, 107, 108, 'Zoom Scholar', 'km nms Liked Your Post: My new post.', 'https://cdn.pixabay.com/photo/2015/10/05/22/37/blank-profile-picture-973460__340.png', 55, NULL, NULL, '0', '2023-04-21 17:25:31', NULL),
(140, 107, 108, 'Zoom Scholar', 'km nms Liked Your Post: My new post.', 'https://cdn.pixabay.com/photo/2015/10/05/22/37/blank-profile-picture-973460__340.png', 55, NULL, NULL, '0', '2023-04-21 17:25:31', NULL),
(141, 107, 108, 'Zoom Scholar', 'km nms Liked Your Post: My new post.', 'https://cdn.pixabay.com/photo/2015/10/05/22/37/blank-profile-picture-973460__340.png', 55, NULL, NULL, '0', '2023-04-21 17:25:48', NULL),
(142, 107, 108, 'Zoom Scholar', 'km nms Liked Your Post: My new post.', 'https://cdn.pixabay.com/photo/2015/10/05/22/37/blank-profile-picture-973460__340.png', 55, NULL, NULL, '0', '2023-04-21 17:25:49', NULL),
(143, 107, 108, 'Zoom Scholar', 'km nms Liked Your Post: My new post.', 'https://cdn.pixabay.com/photo/2015/10/05/22/37/blank-profile-picture-973460__340.png', 55, NULL, NULL, '0', '2023-04-21 17:25:54', NULL),
(144, 107, 108, 'Zoom Scholar', 'km nms Liked Your Post: My new post.', 'https://cdn.pixabay.com/photo/2015/10/05/22/37/blank-profile-picture-973460__340.png', 55, NULL, NULL, '0', '2023-04-21 17:25:55', NULL),
(145, 107, 108, 'Zoom Scholar', 'km nms Liked Your Post: My new post.', 'https://cdn.pixabay.com/photo/2015/10/05/22/37/blank-profile-picture-973460__340.png', 55, NULL, NULL, '0', '2023-04-21 17:26:04', NULL),
(146, 107, 108, 'Zoom Scholar', 'km nms Liked Your Post: My new post.', 'https://cdn.pixabay.com/photo/2015/10/05/22/37/blank-profile-picture-973460__340.png', 55, NULL, NULL, '0', '2023-04-21 17:27:14', NULL),
(147, 107, 108, 'Zoom Scholar', 'km nms Liked Your Post: My new post.', 'https://cdn.pixabay.com/photo/2015/10/05/22/37/blank-profile-picture-973460__340.png', 55, NULL, NULL, '0', '2023-04-21 17:27:44', NULL),
(148, 107, 108, 'Zoom Scholar', 'km nms Liked Your Post: My new post.', 'https://cdn.pixabay.com/photo/2015/10/05/22/37/blank-profile-picture-973460__340.png', 55, NULL, NULL, '0', '2023-04-21 17:27:44', NULL),
(149, 107, 108, 'Zoom Scholar', 'km nms Liked Your Post: My new post.', 'https://cdn.pixabay.com/photo/2015/10/05/22/37/blank-profile-picture-973460__340.png', 55, NULL, NULL, '0', '2023-04-21 17:27:46', NULL),
(150, 107, 108, 'Zoom Scholar', 'km nms Liked Your Post: My new post.', 'https://cdn.pixabay.com/photo/2015/10/05/22/37/blank-profile-picture-973460__340.png', 55, NULL, NULL, '0', '2023-04-21 17:27:46', NULL),
(151, 107, 108, 'Zoom Scholar', 'km nms Liked Your Post: My new post.', 'https://cdn.pixabay.com/photo/2015/10/05/22/37/blank-profile-picture-973460__340.png', 55, NULL, NULL, '0', '2023-04-21 17:27:47', NULL),
(152, 107, 108, 'Zoom Scholar', 'km nms Liked Your Post: My new post.', 'https://cdn.pixabay.com/photo/2015/10/05/22/37/blank-profile-picture-973460__340.png', 55, NULL, NULL, '0', '2023-04-21 17:27:48', NULL),
(153, 107, 67, 'Zoom Scholar', 'km nms Liked Your Post: Zoom Scholar', 'https://cdn.pixabay.com/photo/2015/10/05/22/37/blank-profile-picture-973460__340.png', 40, NULL, NULL, '0', '2023-04-21 17:30:24', NULL),
(154, 107, 65, 'Zoom Scholar', 'km nms Liked Your Post: What is Sdlc', 'https://cdn.pixabay.com/photo/2015/10/05/22/37/blank-profile-picture-973460__340.png', 39, NULL, NULL, '0', '2023-04-21 17:30:26', NULL),
(155, 107, 65, 'Zoom Scholar', 'km nms Liked Your Post: What is Sdlc', 'https://cdn.pixabay.com/photo/2015/10/05/22/37/blank-profile-picture-973460__340.png', 39, NULL, NULL, '0', '2023-04-21 17:30:27', NULL),
(156, 68, 108, 'Zoom Scholar', 'suraj shukla Liked Your Post: My new post.', 'https://quantumit.online/Zoom_scholar/public/user/1679629116.jpg', 55, NULL, NULL, '0', '2023-04-21 17:35:21', NULL),
(157, 107, 79, 'Zoom Scholar', 'km nms Liked Your Post: Qa', 'https://cdn.pixabay.com/photo/2015/10/05/22/37/blank-profile-picture-973460__340.png', 54, NULL, NULL, '0', '2023-04-21 17:39:58', NULL),
(158, 107, 79, 'Zoom Scholar', 'km nms Liked Your Post: Qa', 'https://cdn.pixabay.com/photo/2015/10/05/22/37/blank-profile-picture-973460__340.png', 54, NULL, NULL, '0', '2023-04-21 17:39:58', NULL),
(159, 107, 79, 'Zoom Scholar', 'km nms Liked Your Post: Qa', 'https://cdn.pixabay.com/photo/2015/10/05/22/37/blank-profile-picture-973460__340.png', 54, NULL, NULL, '0', '2023-04-21 17:51:40', NULL),
(160, 107, 79, 'Zoom Scholar', 'km nms Liked Your Post: Qa', 'https://cdn.pixabay.com/photo/2015/10/05/22/37/blank-profile-picture-973460__340.png', 54, NULL, NULL, '0', '2023-04-21 17:51:41', NULL),
(161, 107, 77, 'Zoom Scholar', 'km nms Liked Your Post: Testing', 'https://cdn.pixabay.com/photo/2015/10/05/22/37/blank-profile-picture-973460__340.png', 53, NULL, NULL, '0', '2023-04-21 17:51:43', NULL),
(162, 107, 94, 'Zoom Scholar', 'km nms Liked Your Post: who is your favourite cricket player?', 'https://cdn.pixabay.com/photo/2015/10/05/22/37/blank-profile-picture-973460__340.png', 52, NULL, NULL, '0', '2023-04-21 17:51:45', NULL),
(163, 107, 94, 'Zoom Scholar', 'km nms Liked Your Post: who is your favourite cricket player?', 'https://cdn.pixabay.com/photo/2015/10/05/22/37/blank-profile-picture-973460__340.png', 52, NULL, NULL, '0', '2023-04-21 17:51:45', NULL),
(164, 107, 94, 'Zoom Scholar', 'km nms Liked Your Post: who is your favourite cricket player?', 'https://cdn.pixabay.com/photo/2015/10/05/22/37/blank-profile-picture-973460__340.png', 52, NULL, NULL, '0', '2023-04-21 17:51:47', NULL),
(165, 77, 79, 'Zoom Scholar', 'Saurabh kumbhar Liked Your Post: Qa', 'https://quantumit.online/Zoom_scholar/public/user/1680698070.jpg', 54, NULL, NULL, '0', '2023-04-21 18:05:19', NULL),
(166, 77, 77, 'Zoom Scholar', 'Saurabh kumbhar Liked Your Post: Testing', 'https://quantumit.online/Zoom_scholar/public/user/1680698070.jpg', 53, NULL, NULL, '0', '2023-04-21 18:05:21', NULL),
(167, 77, 77, 'Zoom Scholar', 'Saurabh kumbhar Liked Your Post: Testing', 'https://quantumit.online/Zoom_scholar/public/user/1680698070.jpg', 53, NULL, NULL, '0', '2023-04-21 18:05:22', NULL),
(168, 77, 77, 'Zoom Scholar', 'Saurabh kumbhar Liked Your Post: Testing', 'https://quantumit.online/Zoom_scholar/public/user/1680698070.jpg', 53, NULL, NULL, '0', '2023-04-21 18:05:22', NULL),
(169, 68, 108, 'Zoom Scholar', 'suraj shukla Liked Your Post: My new post.', 'https://quantumit.online/Zoom_scholar/public/user/1679629116.jpg', 55, NULL, NULL, '0', '2023-04-21 18:06:59', NULL),
(170, 68, 108, 'Zoom Scholar', 'suraj shukla Liked Your Post: My new post.', 'https://quantumit.online/Zoom_scholar/public/user/1679629116.jpg', 55, NULL, NULL, '0', '2023-04-21 18:07:06', NULL),
(171, 68, 79, 'Zoom Scholar', 'suraj shukla Liked Your Post: Qa', 'https://quantumit.online/Zoom_scholar/public/user/1679629116.jpg', 54, NULL, NULL, '0', '2023-04-21 18:14:37', NULL),
(172, 68, 108, 'Zoom Scholar', 'suraj shukla Liked Your Post: My new post.', 'https://quantumit.online/Zoom_scholar/public/user/1679629116.jpg', 55, NULL, NULL, '0', '2023-04-21 18:17:02', NULL),
(173, 68, 108, 'Zoom Scholar', 'suraj shukla Liked Your Post: My new post.', 'https://quantumit.online/Zoom_scholar/public/user/1679629116.jpg', 55, NULL, NULL, '0', '2023-04-21 18:18:21', NULL),
(174, 68, 108, 'Zoom Scholar', 'suraj shukla Liked Your Post: My new post.', 'https://quantumit.online/Zoom_scholar/public/user/1679629116.jpg', 55, NULL, NULL, '0', '2023-04-21 18:18:58', NULL),
(175, 68, 108, 'Zoom Scholar', 'suraj shukla Liked Your Post: My new post.', 'https://quantumit.online/Zoom_scholar/public/user/1679629116.jpg', 55, NULL, NULL, '0', '2023-04-21 18:21:05', NULL),
(176, 68, 79, 'Zoom Scholar', 'suraj shukla Liked Your Post: Qa', 'https://quantumit.online/Zoom_scholar/public/user/1679629116.jpg', 54, NULL, NULL, '0', '2023-04-21 18:22:03', NULL),
(177, 68, 108, 'Zoom Scholar', 'suraj shukla Liked Your Post: My new post.', 'https://quantumit.online/Zoom_scholar/public/user/1679629116.jpg', 55, NULL, NULL, '0', '2023-04-21 18:29:09', NULL),
(178, 68, 108, 'Zoom Scholar', 'suraj shukla Liked Your Post: My new post.', 'https://quantumit.online/Zoom_scholar/public/user/1679629116.jpg', 55, NULL, NULL, '0', '2023-04-21 19:24:25', NULL),
(179, 68, 108, 'Zoom Scholar', 'suraj shukla Liked Your Post: My new post.', 'https://quantumit.online/Zoom_scholar/public/user/1679629116.jpg', 55, NULL, NULL, '0', '2023-04-22 05:07:57', NULL),
(180, 68, 108, 'Zoom Scholar', 'suraj shukla Liked Your Post: My new post.', 'https://quantumit.online/Zoom_scholar/public/user/1679629116.jpg', 55, NULL, NULL, '0', '2023-04-22 05:07:58', NULL),
(181, 68, 108, 'Zoom Scholar', 'suraj shukla Liked Your Post: My new post.', 'https://quantumit.online/Zoom_scholar/public/user/1679629116.jpg', 55, NULL, NULL, '0', '2023-04-22 05:07:58', NULL),
(182, 68, 108, 'Zoom Scholar', 'suraj shukla Liked Your Post: My new post.', 'https://quantumit.online/Zoom_scholar/public/user/1679629116.jpg', 55, NULL, NULL, '0', '2023-04-22 05:31:04', NULL),
(183, 68, 108, 'Zoom Scholar', 'suraj shukla Liked Your Post: My new post.', 'https://quantumit.online/Zoom_scholar/public/user/1679629116.jpg', 55, NULL, NULL, '0', '2023-04-22 05:35:14', NULL),
(184, 68, 108, 'Zoom Scholar', 'suraj shukla Liked Your Post: My new post.', 'https://quantumit.online/Zoom_scholar/public/user/1679629116.jpg', 55, NULL, NULL, '0', '2023-04-22 05:35:14', NULL),
(185, 68, 108, 'Zoom Scholar', 'suraj shukla Liked Your Post: My new post.', 'https://quantumit.online/Zoom_scholar/public/user/1679629116.jpg', 55, NULL, NULL, '0', '2023-04-22 05:35:15', NULL),
(186, 68, 108, 'Zoom Scholar', 'suraj shukla Liked Your Post: My new post.', 'https://quantumit.online/Zoom_scholar/public/user/1679629116.jpg', 55, NULL, NULL, '0', '2023-04-22 05:40:43', NULL),
(187, 68, 108, 'Zoom Scholar', 'suraj shukla Liked Your Post: My new post.', 'https://quantumit.online/Zoom_scholar/public/user/1679629116.jpg', 55, NULL, NULL, '0', '2023-04-22 06:02:32', NULL),
(188, 68, 108, 'Zoom Scholar', 'suraj shukla Liked Your Post: My new post.', 'https://quantumit.online/Zoom_scholar/public/user/1679629116.jpg', 55, NULL, NULL, '0', '2023-04-22 06:02:56', NULL),
(189, 68, 108, 'Zoom Scholar', 'suraj shukla Liked Your Post: My new post.', 'https://quantumit.online/Zoom_scholar/public/user/1679629116.jpg', 55, NULL, NULL, '0', '2023-04-22 06:03:03', NULL),
(190, 68, 108, 'Zoom Scholar', 'suraj shukla Liked Your Post: My new post.', 'https://quantumit.online/Zoom_scholar/public/user/1679629116.jpg', 55, NULL, NULL, '0', '2023-04-22 06:06:11', NULL),
(191, 68, 108, 'Zoom Scholar', 'suraj shukla Liked Your Post: My new post.', 'https://quantumit.online/Zoom_scholar/public/user/1679629116.jpg', 55, NULL, NULL, '0', '2023-04-22 06:06:13', NULL),
(192, 68, 108, 'Zoom Scholar', 'suraj shukla Liked Your Post: My new post.', 'https://quantumit.online/Zoom_scholar/public/user/1679629116.jpg', 55, NULL, NULL, '0', '2023-04-22 06:10:58', NULL),
(193, 68, 108, 'Zoom Scholar', 'suraj shukla Liked Your Post: My new post.', 'https://quantumit.online/Zoom_scholar/public/user/1679629116.jpg', 55, NULL, NULL, '0', '2023-04-22 16:03:07', NULL),
(194, 68, 79, 'Zoom Scholar', 'suraj shukla Liked Your Post: Qa', 'https://quantumit.online/Zoom_scholar/public/user/1679629116.jpg', 54, NULL, NULL, '0', '2023-04-22 16:08:10', NULL),
(195, 68, 79, 'Zoom Scholar', 'suraj shukla Liked Your Post: Qa', 'https://quantumit.online/Zoom_scholar/public/user/1679629116.jpg', 54, NULL, NULL, '0', '2023-04-22 16:08:14', NULL),
(196, 68, 79, 'Zoom Scholar', 'suraj shukla Liked Your Post: Qa', 'https://quantumit.online/Zoom_scholar/public/user/1679629116.jpg', 54, NULL, NULL, '0', '2023-04-22 16:08:20', NULL),
(197, 68, 107, 'Zoom Scholar', 'suraj shukla Replied on Your Comment', 'https://quantumit.online/Zoom_scholar/public/user/1679629116.jpg', 55, NULL, 109, '0', '2023-04-22 16:09:58', NULL),
(198, 68, 107, 'Zoom Scholar', 'suraj shukla Replied on Your Comment', 'https://quantumit.online/Zoom_scholar/public/user/1679629116.jpg', 55, NULL, 109, '0', '2023-04-22 16:10:22', NULL),
(199, 77, 108, 'Zoom Scholar', 'Saurabh kumbhar Liked Your Post: My new post.', 'https://quantumit.online/Zoom_scholar/public/user/1680698070.jpg', 55, NULL, NULL, '0', '2023-04-24 07:56:04', NULL),
(200, 77, 108, 'Zoom Scholar', 'Saurabh kumbhar Liked Your Post: My new post.', 'https://quantumit.online/Zoom_scholar/public/user/1680698070.jpg', 55, NULL, NULL, '0', '2023-04-24 07:56:06', NULL),
(201, 65, 108, 'Zoom Scholar', 'ashutosh chauhan Liked Your Post: My new post.', 'https://cdn.pixabay.com/photo/2015/10/05/22/37/blank-profile-picture-973460__340.png', 55, NULL, NULL, '0', '2023-04-24 14:33:17', NULL),
(202, 109, 108, 'Zoom Scholar', 'testing hh Liked Your Post: My new post.', 'https://cdn.pixabay.com/photo/2015/10/05/22/37/blank-profile-picture-973460__340.png', 55, NULL, NULL, '0', '2023-04-25 05:40:36', NULL),
(203, 109, 108, 'Zoom Scholar', 'testing hh Liked Your Post: My new post.', 'https://cdn.pixabay.com/photo/2015/10/05/22/37/blank-profile-picture-973460__340.png', 55, NULL, NULL, '0', '2023-04-25 05:40:45', NULL),
(204, 109, 108, 'Zoom Scholar', 'testing hh Commented on Your Post: My new post.', 'https://cdn.pixabay.com/photo/2015/10/05/22/37/blank-profile-picture-973460__340.png', 55, NULL, NULL, '0', '2023-04-25 05:40:50', NULL),
(205, 109, 79, 'Zoom Scholar', 'testing hh Liked Your Post: Qa', 'https://cdn.pixabay.com/photo/2015/10/05/22/37/blank-profile-picture-973460__340.png', 54, NULL, NULL, '0', '2023-04-25 05:41:10', NULL),
(206, 110, 110, 'Zoom Scholar', 'testing 2 Liked Your Post: TESTING', 'https://cdn.pixabay.com/photo/2015/10/05/22/37/blank-profile-picture-973460__340.png', 56, NULL, NULL, '0', '2023-04-25 07:44:26', NULL),
(207, 110, 110, 'Zoom Scholar', 'testing 2 Liked Your Post: TESTING', 'https://cdn.pixabay.com/photo/2015/10/05/22/37/blank-profile-picture-973460__340.png', 56, NULL, NULL, '0', '2023-04-25 07:44:28', NULL),
(208, 110, 110, 'Zoom Scholar', 'testing 2 Liked Your Post: Testing', 'https://cdn.pixabay.com/photo/2015/10/05/22/37/blank-profile-picture-973460__340.png', 57, NULL, NULL, '0', '2023-04-25 07:45:03', NULL),
(209, 110, 110, 'Zoom Scholar', 'testing 2 Liked Your Post: Testing', 'https://cdn.pixabay.com/photo/2015/10/05/22/37/blank-profile-picture-973460__340.png', 57, NULL, NULL, '0', '2023-04-25 07:45:07', NULL),
(210, 110, 110, 'Zoom Scholar', 'testing 2 Liked Your Post: TESTING', 'https://cdn.pixabay.com/photo/2015/10/05/22/37/blank-profile-picture-973460__340.png', 56, NULL, NULL, '0', '2023-04-25 07:45:11', NULL),
(211, 109, 110, 'Zoom Scholar', 'testing hh Liked Your Post: Testing', 'https://cdn.pixabay.com/photo/2015/10/05/22/37/blank-profile-picture-973460__340.png', 57, NULL, NULL, '0', '2023-04-25 07:45:46', NULL),
(212, 109, 110, 'Zoom Scholar', 'testing hh Liked Your Post: TESTING', 'https://cdn.pixabay.com/photo/2015/10/05/22/37/blank-profile-picture-973460__340.png', 56, NULL, NULL, '0', '2023-04-25 07:45:49', NULL),
(213, 109, 109, 'Zoom Scholar', 'testing hh Liked Your Post: Testing@gmail.com', 'https://cdn.pixabay.com/photo/2015/10/05/22/37/blank-profile-picture-973460__340.png', 58, NULL, NULL, '0', '2023-04-25 07:47:49', NULL),
(214, 110, 109, 'Zoom Scholar', 'testing 2 Liked Your Post: Testing@gmail.com', 'https://cdn.pixabay.com/photo/2015/10/05/22/37/blank-profile-picture-973460__340.png', 58, NULL, NULL, '0', '2023-04-25 07:48:35', NULL),
(215, 110, 109, 'Zoom Scholar', 'testing 2 Liked Your Post: Testing@gmail.com', 'https://cdn.pixabay.com/photo/2015/10/05/22/37/blank-profile-picture-973460__340.png', 58, NULL, NULL, '0', '2023-04-25 07:48:43', NULL),
(216, 109, 109, 'Zoom Scholar', 'testing hh Liked Your Post: Testing@gmail.com', 'https://cdn.pixabay.com/photo/2015/10/05/22/37/blank-profile-picture-973460__340.png', 58, NULL, NULL, '0', '2023-04-25 07:50:15', NULL),
(217, 68, 68, 'Zoom Scholar', 'suraj shukla Liked Your Post: checking', 'https://quantumit.online/Zoom_scholar/public/user/1679629116.jpg', 61, NULL, NULL, '0', '2023-04-25 08:37:24', NULL),
(218, 68, 68, 'Zoom Scholar', 'suraj shukla Liked Your Post: checking', 'https://quantumit.online/Zoom_scholar/public/user/1679629116.jpg', 61, NULL, NULL, '0', '2023-04-25 08:38:42', NULL),
(219, 68, 68, 'Zoom Scholar', 'suraj shukla Liked Your Post: checking', 'https://quantumit.online/Zoom_scholar/public/user/1679629116.jpg', 61, NULL, NULL, '0', '2023-04-25 08:38:42', NULL),
(220, 68, 68, 'Zoom Scholar', 'suraj shukla Liked Your Post: checking', 'https://quantumit.online/Zoom_scholar/public/user/1679629116.jpg', 61, NULL, NULL, '0', '2023-04-25 08:38:44', NULL),
(221, 68, 68, 'Zoom Scholar', 'suraj shukla Liked Your Post: Kausani', 'https://quantumit.online/Zoom_scholar/public/user/1679629116.jpg', 60, NULL, NULL, '0', '2023-04-25 08:38:45', NULL),
(222, 68, 68, 'Zoom Scholar', 'suraj shukla Liked Your Post: checking', 'https://quantumit.online/Zoom_scholar/public/user/1679629116.jpg', 61, NULL, NULL, '0', '2023-04-25 08:39:07', NULL),
(223, 68, 68, 'Zoom Scholar', 'suraj shukla Liked Your Post: checking', 'https://quantumit.online/Zoom_scholar/public/user/1679629116.jpg', 61, NULL, NULL, '0', '2023-04-25 08:39:08', NULL),
(224, 68, 68, 'Zoom Scholar', 'suraj shukla Liked Your Post: checking', 'https://quantumit.online/Zoom_scholar/public/user/1679629116.jpg', 61, NULL, NULL, '0', '2023-04-25 08:39:08', NULL),
(225, 68, 68, 'Zoom Scholar', 'suraj shukla Liked Your Post: checking', 'https://quantumit.online/Zoom_scholar/public/user/1679629116.jpg', 61, NULL, NULL, '0', '2023-04-25 08:39:09', NULL),
(226, 68, 68, 'Zoom Scholar', 'suraj shukla Liked Your Post: checking', 'https://quantumit.online/Zoom_scholar/public/user/1679629116.jpg', 61, NULL, NULL, '0', '2023-04-25 08:39:55', NULL),
(227, 68, 68, 'Zoom Scholar', 'suraj shukla Liked Your Post: checking', 'https://quantumit.online/Zoom_scholar/public/user/1679629116.jpg', 61, NULL, NULL, '0', '2023-04-25 08:39:57', NULL),
(228, 68, 68, 'Zoom Scholar', 'suraj shukla Liked Your Post: checking', 'https://quantumit.online/Zoom_scholar/public/user/1679629116.jpg', 61, NULL, NULL, '0', '2023-04-25 08:42:02', NULL),
(229, 109, 68, 'Zoom Scholar', 'testing hh Liked Your Post: no', 'https://cdn.pixabay.com/photo/2015/10/05/22/37/blank-profile-picture-973460__340.png', 62, NULL, NULL, '0', '2023-04-25 10:50:12', NULL),
(230, 110, 109, 'Zoom Scholar', 'testing two Liked Your Post: Jjs', 'https://cdn.pixabay.com/photo/2015/10/05/22/37/blank-profile-picture-973460__340.png', 63, NULL, NULL, '0', '2023-04-25 10:51:37', NULL),
(231, 110, 109, 'Zoom Scholar', 'testing two Commented on Your Post: Jjs', 'https://cdn.pixabay.com/photo/2015/10/05/22/37/blank-profile-picture-973460__340.png', 63, NULL, NULL, '1', '2023-04-25 11:08:31', '2023-04-25 18:08:31'),
(232, 65, 65, 'Zoom Scholar', 'ashutosh chauhan asnwered on your question: Is software development a good career option', 'https://cdn.pixabay.com/photo/2015/10/05/22/37/blank-profile-picture-973460__340.png', NULL, 53, NULL, '0', '2023-04-25 11:56:32', NULL),
(233, 65, 65, 'Zoom Scholar', 'ashutosh chauhan asnwered on your question: i have changed time zone. do u feel any changes', 'https://cdn.pixabay.com/photo/2015/10/05/22/37/blank-profile-picture-973460__340.png', NULL, 54, NULL, '0', '2023-04-25 12:42:44', NULL),
(234, 65, 65, 'Zoom Scholar', 'ashutosh chauhan asnwered on your question: i have changed time zone. do u feel any changes', 'https://cdn.pixabay.com/photo/2015/10/05/22/37/blank-profile-picture-973460__340.png', NULL, 54, NULL, '0', '2023-04-25 12:47:24', NULL),
(235, 65, 65, 'Zoom Scholar', 'ashutosh chauhan asnwered on your question: i have changed time zone. do u feel any changes', 'https://cdn.pixabay.com/photo/2015/10/05/22/37/blank-profile-picture-973460__340.png', NULL, 54, NULL, '0', '2023-04-25 12:57:58', NULL),
(236, 65, 65, 'Zoom Scholar', 'ashutosh chauhan asnwered on your question: i have changed time zone. do u feel any changes', 'https://cdn.pixabay.com/photo/2015/10/05/22/37/blank-profile-picture-973460__340.png', NULL, 54, NULL, '0', '2023-04-26 01:27:58', '2023-04-26 01:27:58'),
(237, 65, 65, 'Zoom Scholar', 'ashutosh chauhan asnwered on your question: i have changed time zone. do u feel any changes', 'https://cdn.pixabay.com/photo/2015/10/05/22/37/blank-profile-picture-973460__340.png', NULL, 54, NULL, '0', '2023-04-26 01:28:24', '2023-04-26 01:28:24'),
(238, 65, 65, 'Zoom Scholar', 'ashutosh chauhan asnwered on your question: i have changed time zone. do u feel any changes', 'https://cdn.pixabay.com/photo/2015/10/05/22/37/blank-profile-picture-973460__340.png', NULL, 54, NULL, '0', '2023-04-26 01:28:45', '2023-04-26 01:28:45'),
(239, 94, 109, 'Zoom Scholar', 'Ashu Singh Liked Your Post: Jjs', 'https://quantumit.online/Zoom_scholar/public/user/1680193504.jpg', 63, NULL, NULL, '0', '2023-04-25 16:43:07', NULL),
(240, 109, 109, 'Zoom Scholar', 'testing hh Liked Your Post: Jjs', 'https://cdn.pixabay.com/photo/2015/10/05/22/37/blank-profile-picture-973460__340.png', 63, NULL, NULL, '0', '2023-04-26 06:23:21', NULL),
(241, 109, 110, 'Zoom Scholar', 'testing hh asnwered on your question: Hii', 'https://cdn.pixabay.com/photo/2015/10/05/22/37/blank-profile-picture-973460__340.png', NULL, 55, NULL, '0', '2023-04-26 18:54:33', '2023-04-26 18:54:33'),
(242, 94, 68, 'Zoom Scholar', 'Ashu Singh Liked Your Post: no', 'https://quantumit.online/Zoom_scholar/public/user/1680193504.jpg', 62, NULL, NULL, '0', '2023-04-26 06:27:27', NULL);
INSERT INTO `notifications` (`id`, `from_user_id`, `user_id`, `title`, `message`, `image`, `post_id`, `question_id`, `comment_id`, `seen`, `created_at`, `updated_at`) VALUES
(243, 94, 68, 'Zoom Scholar', 'Ashu Singh Commented on Your Post: no', 'https://quantumit.online/Zoom_scholar/public/user/1680193504.jpg', 62, NULL, NULL, '0', '2023-04-26 06:27:33', NULL),
(244, 65, 68, 'Zoom Scholar', 'ashutosh chauhan Liked Your Post: Kausani', 'https://cdn.pixabay.com/photo/2015/10/05/22/37/blank-profile-picture-973460__340.png', 60, NULL, NULL, '0', '2023-05-16 16:10:22', NULL),
(245, 94, 94, 'Zoom Scholar', 'Ashu Singh Liked Your Post: This is demo title', 'https://quantumit.online/Zoom_scholar/public/user/1680193504.jpg', 64, NULL, NULL, '0', '2023-05-22 17:09:18', NULL),
(246, 94, 94, 'Zoom Scholar', 'Ashu Singh Commented on Your Post: This is demo title', 'https://quantumit.online/Zoom_scholar/public/user/1680193504.jpg', 64, NULL, NULL, '0', '2023-05-26 17:11:26', NULL),
(247, 94, 94, 'Zoom Scholar', 'Ashu Singh Commented on Your Post: This is demo title', 'https://quantumit.online/Zoom_scholar/public/user/1680193504.jpg', 64, NULL, NULL, '0', '2023-05-27 06:46:00', NULL),
(248, 94, 68, 'Zoom Scholar', 'Ashu Singh Liked Your Post: no', 'https://quantumit.online/Zoom_scholar/public/user/1680193504.jpg', 62, NULL, NULL, '0', '2023-05-27 06:46:30', NULL),
(249, 94, 68, 'Zoom Scholar', 'Ashu Singh Commented on Your Post: no', 'https://quantumit.online/Zoom_scholar/public/user/1680193504.jpg', 62, NULL, NULL, '0', '2023-05-27 06:46:38', NULL),
(250, 94, 94, 'Zoom Scholar', 'Ashu Singh asnwered on your question: can somebody give me specialist', 'https://quantumit.online/Zoom_scholar/public/user/1680193504.jpg', NULL, 56, NULL, '0', '2023-05-27 19:17:40', '2023-05-27 19:17:40'),
(251, 113, 94, 'Zoom Scholar', 'anubhav goyal Liked Your Post: This is demo title', 'https://cdn.pixabay.com/photo/2015/10/05/22/37/blank-profile-picture-973460__340.png', 64, NULL, NULL, '0', '2023-07-05 11:26:18', NULL),
(252, 113, 94, 'Zoom Scholar', 'anubhav goyal Commented on Your Post: This is demo title', 'https://cdn.pixabay.com/photo/2015/10/05/22/37/blank-profile-picture-973460__340.png', 64, NULL, NULL, '0', '2023-07-05 11:26:23', NULL),
(253, 113, 94, 'Zoom Scholar', 'anubhav goyal Replied on Your Comment', 'https://cdn.pixabay.com/photo/2015/10/05/22/37/blank-profile-picture-973460__340.png', 64, NULL, 116, '0', '2023-07-05 11:26:35', NULL),
(254, 113, 113, 'Zoom Scholar', 'anubhav goyal asnwered on your question: why I am getting frustrated???', 'https://cdn.pixabay.com/photo/2015/10/05/22/37/blank-profile-picture-973460__340.png', NULL, 57, NULL, '0', '2023-07-05 23:59:47', '2023-07-05 23:59:47'),
(255, 113, 113, 'Zoom Scholar', 'anubhav goyal asnwered on your question: why I am getting frustrated???', 'https://cdn.pixabay.com/photo/2015/10/05/22/37/blank-profile-picture-973460__340.png', NULL, 57, NULL, '0', '2023-07-06 00:00:10', '2023-07-06 00:00:10'),
(256, 113, 113, 'Zoom Scholar', 'anubhav goyal Liked Your Post: Motivation', 'https://cdn.pixabay.com/photo/2015/10/05/22/37/blank-profile-picture-973460__340.png', 65, NULL, NULL, '0', '2023-07-05 11:31:34', NULL),
(257, 113, 113, 'Zoom Scholar', 'anubhav goyal Liked Your Post: Motivation', 'https://cdn.pixabay.com/photo/2015/10/05/22/37/blank-profile-picture-973460__340.png', 65, NULL, NULL, '0', '2023-07-05 11:31:35', NULL);

-- --------------------------------------------------------

--
-- Table structure for table `password_resets`
--

CREATE TABLE `password_resets` (
  `email` varchar(255) NOT NULL,
  `token` varchar(255) NOT NULL,
  `created_at` timestamp NULL DEFAULT NULL
) ENGINE=InnoDB DEFAULT CHARSET=utf8mb4 COLLATE=utf8mb4_unicode_ci;

-- --------------------------------------------------------

--
-- Table structure for table `personal_access_tokens`
--

CREATE TABLE `personal_access_tokens` (
  `id` bigint(20) UNSIGNED NOT NULL,
  `tokenable_type` varchar(255) NOT NULL,
  `tokenable_id` bigint(20) UNSIGNED NOT NULL,
  `name` varchar(255) NOT NULL,
  `token` varchar(64) NOT NULL,
  `abilities` text DEFAULT NULL,
  `last_used_at` timestamp NULL DEFAULT NULL,
  `created_at` timestamp NULL DEFAULT NULL,
  `updated_at` timestamp NULL DEFAULT NULL
) ENGINE=InnoDB DEFAULT CHARSET=utf8mb4 COLLATE=utf8mb4_unicode_ci;

--
-- Dumping data for table `personal_access_tokens`
--

INSERT INTO `personal_access_tokens` (`id`, `tokenable_type`, `tokenable_id`, `name`, `token`, `abilities`, `last_used_at`, `created_at`, `updated_at`) VALUES
(6, 'App\\Models\\User', 67, 'utsavratan@gmail.com_Token', 'bac4f385f86abf93358a0e76c2b28c822b9d0133241508cff97b50028914e56f', '[\"*\"]', '2023-03-20 21:27:52', '2023-03-20 21:18:21', '2023-03-20 21:27:52'),
(8, 'App\\Models\\User', 63, 'token', 'ff07f9905d65632bb462393fb8fffde522953fa8edf3feffe46d25309bc7039f', '[\"*\"]', '2023-03-24 16:05:37', '2023-03-22 14:08:16', '2023-03-24 16:05:37'),
(10, 'App\\Models\\User', 70, 'test123@gmail.com_Token', '9770400beab65d8ce78428a782766b91243f00b88ab7a8ed60ce82baae1a7528', '[\"*\"]', '2023-03-24 00:51:18', '2023-03-23 18:22:15', '2023-03-24 00:51:18'),
(13, 'App\\Models\\User', 72, 'ajayshukla098@gmail.com_Token', 'f85549e9d8fd599179d78d8cc80652dd98c1f7bac71c0c3ca0fc09971bdc6275', '[\"*\"]', '2023-03-24 11:07:00', '2023-03-24 11:06:36', '2023-03-24 11:07:00'),
(14, 'App\\Models\\User', 73, 'nishuprasad@gmail.com_Token', '13832a9121810f4bb42d3bfc4e268e2f3f8baddbe3c56c36d50aaf4ce25ae0d1', '[\"*\"]', '2023-03-24 11:11:47', '2023-03-24 11:11:16', '2023-03-24 11:11:47'),
(18, 'App\\Models\\User', 76, 'utsavratttan@gmail.com_Token', '4a3c927dda63f421d307932a35d506dcfefa89ec16c8f4f93bb7c7f0fb437f63', '[\"*\"]', '2023-03-24 15:01:28', '2023-03-24 11:44:48', '2023-03-24 15:01:28'),
(33, 'App\\Models\\User', 80, 'xopepep522@mitigado.com_Token', 'df213b54180511a8a38576794eb5da9e71545993e4472e4cf0ef7564b8238d4a', '[\"*\"]', NULL, '2023-03-29 12:55:29', '2023-03-29 12:55:29'),
(34, 'App\\Models\\User', 81, 'kekocex267@fectode.com_Token', '5019db43822bd6f77812eedc3d377fa7efc4e5451e931b2ceb4a7fe8fbe69f7b', '[\"*\"]', NULL, '2023-03-29 12:58:51', '2023-03-29 12:58:51'),
(45, 'App\\Models\\User', 89, 'shsjja@gmail.com_Token', 'c2144d8803c22014c509cb493f399ac9ad14eaf30014c34b8803bdbcb9aadae1', '[\"*\"]', '2023-03-29 17:24:01', '2023-03-29 17:20:25', '2023-03-29 17:24:01'),
(51, 'App\\Models\\User', 90, 'ishu@gmail.com_Token', '516656a1935f2ee49f086bb51fd126cbe2a92d945ad0edcffe19f2dfad9442b3', '[\"*\"]', '2023-03-30 13:38:19', '2023-03-30 10:34:35', '2023-03-30 13:38:19'),
(54, 'App\\Models\\User', 92, 'cvbg@gmail.com_Token', '1212cc4cbe0eb96df4ec9f36403fa32ad74b5ffddc46dc14525843b45b43ee30', '[\"*\"]', NULL, '2023-03-30 15:01:02', '2023-03-30 15:01:02'),
(55, 'App\\Models\\User', 93, 'sahjx@gmail.com_Token', '1625e962d1227a0b1ccbd10c2e47f6c1fd02a9f566311c4194881a2a266af1fc', '[\"*\"]', '2023-03-30 15:30:19', '2023-03-30 15:10:21', '2023-03-30 15:30:19'),
(64, 'App\\Models\\User', 95, 'mishrasachin@gmail.com_Token', '8dc682dee8890744a11c94fbba4b4ae552be621f69efe0b52dbfe79eac9d13df', '[\"*\"]', '2023-04-01 10:39:09', '2023-04-01 10:34:43', '2023-04-01 10:39:09'),
(67, 'App\\Models\\User', 96, 'zoomappcharles@gmail.com_Token', '1fb697c3db3e3b981e4350d8c5aef12d39eb69fa66cc92ca111d1520cb799c9a', '[\"*\"]', NULL, '2023-04-05 02:49:46', '2023-04-05 02:49:46'),
(75, 'App\\Models\\User', 97, 'jore.kuubs@gmail.com_Token', '89d02d37cf06045205729c0b646f4b4d444bc1b2290741a11737d648dbdeb44c', '[\"*\"]', NULL, '2023-04-05 16:03:47', '2023-04-05 16:03:47'),
(76, 'App\\Models\\User', 97, 'jore.kuubs@gmail.com_Token', 'f00bf993daa554c425960785e9ec89a9560ea1ac23857aa09982e69f1e4166b8', '[\"*\"]', NULL, '2023-04-05 16:04:32', '2023-04-05 16:04:32'),
(109, 'App\\Models\\User', 98, 'ashutosh.chauhan@acem.edu.in_Token', 'b3d243dc75ebd5b75afab087bd9386702fb7f34cfab417adedbd8dbeb3a75fb1', '[\"*\"]', NULL, '2023-04-06 15:23:38', '2023-04-06 15:23:38'),
(110, 'App\\Models\\User', 98, 'ashutosh.chauhan@acem.edu.in_Token', '261fbb492e31834dff7cd09f7e205f37bae5008c163b4a712ac894f9782d97c4', '[\"*\"]', '2023-04-08 15:05:15', '2023-04-06 15:23:43', '2023-04-08 15:05:15'),
(116, 'App\\Models\\User', 96, 'zoomappcharles@gmail.com_Token', '74fba0d24a63ffbf605fbeeefe6eac59cc89c6b3184f34e81e8241f542a4b384', '[\"*\"]', NULL, '2023-04-06 16:55:18', '2023-04-06 16:55:18'),
(117, 'App\\Models\\User', 96, 'zoomappcharles@gmail.com_Token', '04ac2aeb645891ba5fa53ca2b47c9bcbb06dc747c207a08f03a4edfcb23165cf', '[\"*\"]', NULL, '2023-04-06 16:55:22', '2023-04-06 16:55:22'),
(118, 'App\\Models\\User', 96, 'zoomappcharles@gmail.com_Token', 'b2aca6dfc0b94370f2c990f77e6dc935405341b0b54b461036bcc2c9a3816dbf', '[\"*\"]', NULL, '2023-04-06 16:55:26', '2023-04-06 16:55:26'),
(119, 'App\\Models\\User', 96, 'zoomappcharles@gmail.com_Token', '4442ca7127e437bf02f6e719a5e3e7b8b0ec513c3335d5751253701309db583e', '[\"*\"]', NULL, '2023-04-06 16:58:09', '2023-04-06 16:58:09'),
(127, 'App\\Models\\User', 99, 'sadghg@gmail.com_Token', 'ebe0bb2907436515a297de55f1a4200ad023d9f508f6a5ca42b304d86a8c9fb9', '[\"*\"]', '2023-04-12 13:14:25', '2023-04-12 13:13:20', '2023-04-12 13:14:25'),
(146, 'App\\Models\\User', 100, 'vickysingleton.61523@gmail.com_Token', '018bcc453401950df4bfc46a69a05e32febd61067afc7033734a66c16381dbb8', '[\"*\"]', NULL, '2023-04-13 23:37:52', '2023-04-13 23:37:52'),
(147, 'App\\Models\\User', 100, 'vickysingleton.61523@gmail.com_Token', 'df91a8ec01525e1cf8f982cb6fa9303002e1a54437af0ab24e8a406febbb5528', '[\"*\"]', '2023-04-13 23:39:56', '2023-04-13 23:39:27', '2023-04-13 23:39:56'),
(148, 'App\\Models\\User', 101, 'abhaylama299@gmail.com_Token', '4952602f8b18c31682ffc52d8ab0d784f5b2831043492f31ef99976d0c3f6ce4', '[\"*\"]', NULL, '2023-04-14 11:53:41', '2023-04-14 11:53:41'),
(149, 'App\\Models\\User', 101, 'abhaylama299@gmail.com_Token', 'b08c3e7242957cfc703b0a285a2097900dc525f2a44db0dd20b8bca08a6b04cd', '[\"*\"]', '2023-04-14 11:53:44', '2023-04-14 11:53:41', '2023-04-14 11:53:44'),
(150, 'App\\Models\\User', 101, 'abhaylama299@gmail.com_Token', '9d0683bfd91e91aa06e1d4ae6e1608b3d37ce9f0eabe6d7f8f2d204afe2905cb', '[\"*\"]', '2023-04-29 05:41:14', '2023-04-14 11:53:43', '2023-04-29 05:41:14'),
(151, 'App\\Models\\User', 102, 'sristhi.rawat2008@gmail.com_Token', 'b1cd67b39a069df0411d90d6c86eff710a37213783f608bc4ab23398cf3df7c3', '[\"*\"]', NULL, '2023-04-14 11:56:22', '2023-04-14 11:56:22'),
(152, 'App\\Models\\User', 102, 'sristhi.rawat2008@gmail.com_Token', '42977a1e38f341b3d16fb7b930435815c1ed62dd75d09e962ad1d491d9df5a19', '[\"*\"]', '2023-04-20 12:42:02', '2023-04-14 11:56:57', '2023-04-20 12:42:02'),
(153, 'App\\Models\\User', 103, 'gracewkluk@gmail.com_Token', '04c0db43d1027db753db25463406386906bd9da47e04c93295bf8119de6f1570', '[\"*\"]', '2024-03-06 07:58:30', '2023-04-21 21:00:50', '2024-03-06 07:58:30'),
(154, 'App\\Models\\User', 104, 'nirgandhi78807@gmail.com_Token', '9c92d7d00344814ae55a28727834e38a3b5f2b6ad0843527b0118809fef8090e', '[\"*\"]', '2023-04-22 00:22:44', '2023-04-21 22:57:56', '2023-04-22 00:22:44'),
(159, 'App\\Models\\User', 106, 'ajayKumar@gmail.com_Token', '8c48d6039141bc6ee49a7798b6d3c7550b386b95964c16064c9f730a9d2dc515', '[\"*\"]', '2023-04-21 23:21:36', '2023-04-21 23:20:50', '2023-04-21 23:21:36'),
(170, 'App\\Models\\User', 108, 'surajshukla@gmail.com_Token', 'c99ed67f4daac7adfb26b9537c23f545f5f236d18d9a9638b4c40e5f1e06bf8e', '[\"*\"]', '2023-04-22 00:27:24', '2023-04-22 00:12:04', '2023-04-22 00:27:24'),
(173, 'App\\Models\\User', 68, '098suraj@gmail.com_Token', 'c94e5fffc81a528de1f687e878fd07ccc7c55f873f81b6b9217afafa75ae65af', '[\"*\"]', '2023-04-22 00:54:08', '2023-04-22 00:44:12', '2023-04-22 00:54:08'),
(175, 'App\\Models\\User', 107, 'token', 'b56da916ccdf5365a43c09f93c284023f4a3d67cafbb2c514986b0ba02a21b7b', '[\"*\"]', '2023-04-22 01:01:58', '2023-04-22 00:51:33', '2023-04-22 01:01:58'),
(176, 'App\\Models\\User', 77, 'token', 'bfc951d2c2554e79bb909dbd0597471794d0bebac36a816d4991e8f54cef8e6f', '[\"*\"]', '2023-04-25 12:27:23', '2023-04-22 01:05:05', '2023-04-25 12:27:23'),
(177, 'App\\Models\\User', 68, '098suraj@gmail.com_Token', '5d727426fcec7414c6ce9ffe37b788d4ddc9ca8f83e36732cf0bc49f9f6e9ef2', '[\"*\"]', '2023-04-22 02:13:41', '2023-04-22 01:06:46', '2023-04-22 02:13:41'),
(178, 'App\\Models\\User', 68, '098suraj@gmail.com_Token', '3a49dd0ddadedb851427b848628af990155652b23a76bfa6f2c2119c7b102bd3', '[\"*\"]', '2023-04-22 12:35:15', '2023-04-22 02:15:06', '2023-04-22 12:35:15'),
(179, 'App\\Models\\User', 68, '098suraj@gmail.com_Token', '8c8a0e8b1edb9d89f20ec508ea4de455614b1b34da4ce4c2fc99a8d0676a2c9d', '[\"*\"]', '2024-01-03 23:21:29', '2023-04-22 12:40:36', '2024-01-03 23:21:29'),
(187, 'App\\Models\\User', 68, '098suraj@gmail.com_Token', 'f3acc9ae9b1e225d84e75226b3c2259b51f14d77fac027b23986988e7ec7a365', '[\"*\"]', '2023-04-25 17:27:35', '2023-04-25 17:27:34', '2023-04-25 17:27:35'),
(196, 'App\\Models\\User', 110, 'token', 'e3434ef2cd5dafb616aba3725de5843a7322803fbbc6e766a736178e39cacda5', '[\"*\"]', '2023-04-26 18:56:35', '2023-04-26 18:55:05', '2023-04-26 18:56:35'),
(200, 'App\\Models\\User', 65, 'token', 'd023b231350d68a469ecb876a0c7c5f93be12e23f97bc891d8aeffefff3f1076', '[\"*\"]', '2024-01-30 00:24:20', '2023-05-19 06:19:43', '2024-01-30 00:24:20'),
(201, 'App\\Models\\User', 111, 'aashutosh.quantum@mail.com_Token', '8d2c00625f29848a5caa504a682ee2d188911be5d66ae5e98b11e52ce42c53b3', '[\"*\"]', NULL, '2023-05-19 08:01:34', '2023-05-19 08:01:34'),
(202, 'App\\Models\\User', 65, 'token', 'd73d9f7e28df9b8bceea13e400e5e21550966126a82e056c055a44570a61f824', '[\"*\"]', NULL, '2023-05-27 04:46:46', '2023-05-27 04:46:46'),
(204, 'App\\Models\\User', 112, 'garvita@gmail.com_Token', '68626ba95918da11b25307c396cdda2a469dea5560f7875acb48405fca07b445', '[\"*\"]', NULL, '2023-07-05 00:36:04', '2023-07-05 00:36:04'),
(205, 'App\\Models\\User', 113, 'anubhav@gmail.com_Token', '18cb81ff0714737a23f36c697ca98c2d780cd7f8f7a73a2c0535bf5ce2e6d372', '[\"*\"]', '2023-07-05 23:58:10', '2023-07-05 23:55:37', '2023-07-05 23:58:10'),
(206, 'App\\Models\\User', 113, 'token', 'edd78a3ad2e99cf3966e723b926676f907f1006c7c591e834bbf08ca217a7565', '[\"*\"]', '2023-07-10 21:47:05', '2023-07-05 23:58:44', '2023-07-10 21:47:05'),
(208, 'App\\Models\\User', 114, 'token', '04caab226841c7c1544f7e17c30daa7dcab17d14858e11c0e837bb3f660dfb19', '[\"*\"]', '2023-08-06 05:21:10', '2023-08-06 05:11:10', '2023-08-06 05:21:10'),
(209, 'App\\Models\\User', 114, 'token', 'c86a7542a0e0a0acb44c5edc4def4d5dfde8c3dc8b87a64bdfb73e3171f7e0b9', '[\"*\"]', '2023-08-06 05:49:00', '2023-08-06 05:45:09', '2023-08-06 05:49:00'),
(210, 'App\\Models\\User', 114, 'token', '9e8a1ff3fe0d6a411eb4cb8ea76d7567cabb1f33d416d0d42a1b6b8f642e33b3', '[\"*\"]', '2023-08-06 05:48:56', '2023-08-06 05:45:34', '2023-08-06 05:48:56'),
(211, 'App\\Models\\User', 114, 'token', '8d61d3c35db3532bf4aa71d96b40429a06b6d7584198b84f607c51d58dac322f', '[\"*\"]', '2023-08-06 05:49:47', '2023-08-06 05:45:56', '2023-08-06 05:49:47'),
(212, 'App\\Models\\User', 114, 'token', 'a44aaf9d91fab644d83ed1aeebc5d4c548a7dfafa69337c5311bdbf50e895580', '[\"*\"]', '2023-08-06 05:49:54', '2023-08-06 05:46:02', '2023-08-06 05:49:54'),
(213, 'App\\Models\\User', 114, 'token', '6db8ae48385106c597d21ec0223cd5a4aeef22bdf523e9e17c5a923fdcee1867', '[\"*\"]', '2023-08-06 05:46:16', '2023-08-06 05:46:05', '2023-08-06 05:46:16'),
(214, 'App\\Models\\User', 114, 'token', 'a98efb4e824116ab2b4582726e932c7410f718addd2a43c88e245bef1473ad5a', '[\"*\"]', '2023-08-06 05:50:15', '2023-08-06 05:46:18', '2023-08-06 05:50:15'),
(215, 'App\\Models\\User', 114, 'token', 'dd5744c492b1f98c184faba8817c164589e4731b6488f854d33c1f677932402b', '[\"*\"]', '2023-08-06 05:50:29', '2023-08-06 05:46:35', '2023-08-06 05:50:29'),
(216, 'App\\Models\\User', 114, 'token', '3766af288632e03a550d42f4a6f2cec4fafa5073eb5c8f2bfd941a2f534f48b9', '[\"*\"]', '2023-08-06 05:50:42', '2023-08-06 05:46:51', '2023-08-06 05:50:42'),
(217, 'App\\Models\\User', 114, 'token', 'fec9cfb07b277e283fb6b978151ac92c7e02196460d0fa9ecd4aff59b9614c1e', '[\"*\"]', '2023-08-06 05:50:55', '2023-08-06 05:46:53', '2023-08-06 05:50:55'),
(218, 'App\\Models\\User', 114, 'token', '84003786fdf3919a17ed46c1e69d043fb031634dffebdfa1c350225746aad11d', '[\"*\"]', '2023-08-06 05:50:46', '2023-08-06 05:46:53', '2023-08-06 05:50:46'),
(219, 'App\\Models\\User', 114, 'token', '17a064ce91008518e1114551081d466fbaee8ce5fbe8b4d432a67130b7b218fc', '[\"*\"]', '2023-08-06 05:50:50', '2023-08-06 05:46:58', '2023-08-06 05:50:50'),
(220, 'App\\Models\\User', 114, 'token', '642f11c216d2c82eb79638ae3380ba60c915e580a6735ffa3be2409ceaf58c36', '[\"*\"]', '2023-08-06 05:51:12', '2023-08-06 05:47:13', '2023-08-06 05:51:12'),
(221, 'App\\Models\\User', 114, 'token', '7424dad6ce7f392fa505de0e36955744d6a7796f69a7f21c0ee6d5fc6834b5e4', '[\"*\"]', '2023-08-06 05:51:09', '2023-08-06 05:47:17', '2023-08-06 05:51:09'),
(222, 'App\\Models\\User', 114, 'token', '1b96fb93609334b15e03808f73c1fd56de66599a322f8bdf46b7fe3ce81f6ad3', '[\"*\"]', '2023-08-06 05:51:36', '2023-08-06 05:47:28', '2023-08-06 05:51:36'),
(223, 'App\\Models\\User', 114, 'token', '0f5f09c82ce613ece1b55d029e7c68ec020c8c883c1ac8d777ccca783c3efeea', '[\"*\"]', '2023-08-06 05:51:56', '2023-08-06 05:48:01', '2023-08-06 05:51:56'),
(224, 'App\\Models\\User', 114, 'token', '89853f3de159ea9dbc2d627d7fdce3522e8eed4abf379fa22e466a6af273437f', '[\"*\"]', '2023-08-06 05:52:04', '2023-08-06 05:48:09', '2023-08-06 05:52:04'),
(225, 'App\\Models\\User', 114, 'token', '1b61c3be350e0fb68945ef5fabaca5f365e487caf5dc3eefd01e231fc03b67a8', '[\"*\"]', '2023-08-06 05:52:29', '2023-08-06 05:48:30', '2023-08-06 05:52:29'),
(226, 'App\\Models\\User', 114, 'token', '0801329991033d41dee045f4f0db2452f7a1cb9c6b9a7679368a91ea7f7810e7', '[\"*\"]', '2023-08-06 05:52:25', '2023-08-06 05:48:33', '2023-08-06 05:52:25'),
(227, 'App\\Models\\User', 114, 'token', 'cbc15191e87689cfd1a5e19e194449a8533d559deeee8cf94e2edb9951a31927', '[\"*\"]', '2023-08-06 05:54:12', '2023-08-06 05:50:10', '2023-08-06 05:54:12'),
(228, 'App\\Models\\User', 114, 'token', '6d764951b7d5bf8bf420c70e07286dc68ee55498ca65615d1a399e33468e23d1', '[\"*\"]', '2023-08-06 05:54:13', '2023-08-06 05:50:20', '2023-08-06 05:54:13'),
(229, 'App\\Models\\User', 114, 'token', '24dd388bbf2dcf054d93482e61808fae1b5f207797279a14cd13c31f141cfc16', '[\"*\"]', '2023-08-06 05:56:21', '2023-08-06 05:52:27', '2023-08-06 05:56:21'),
(230, 'App\\Models\\User', 114, 'token', '940051ff0138a5ff43edb3997bcf503b89958582c14487cedb631d345b9c0e78', '[\"*\"]', NULL, '2023-08-06 06:30:22', '2023-08-06 06:30:22'),
(231, 'App\\Models\\User', 114, 'token', '097d2fec6f21c57704222712e6758892d441a78e328a70dfb7555a4ae19cd0c6', '[\"*\"]', '2023-08-06 06:30:24', '2023-08-06 06:30:22', '2023-08-06 06:30:24'),
(232, 'App\\Models\\User', 114, 'token', '009236e3e5de070d636abddd5bc1590e72aea381d7a3adb0b3f92e8b6024eef3', '[\"*\"]', '2023-08-06 07:09:17', '2023-08-06 06:30:23', '2023-08-06 07:09:17'),
(233, 'App\\Models\\User', 114, 'token', '54e6f15c8e4543b3eac40a95065b928eb6964e5d2041dddde456f69657c62c68', '[\"*\"]', '2023-08-06 20:16:49', '2023-08-06 20:12:52', '2023-08-06 20:16:49'),
(234, 'App\\Models\\User', 114, 'token', '5c5200da2e07393e20e5e1deb83e194041b0991cd6136a6578079e4442a6f9d5', '[\"*\"]', '2023-08-06 20:16:38', '2023-08-06 20:13:26', '2023-08-06 20:16:38'),
(235, 'App\\Models\\User', 114, 'token', '608e77c853d23c5bb136f0c2644dcbdbf387401db0f51ffca550dbe060f26c86', '[\"*\"]', '2023-08-06 23:58:51', '2023-08-06 23:55:00', '2023-08-06 23:58:51'),
(236, 'App\\Models\\User', 114, 'token', 'b369ba4adb07c903d52d6c37f2b0eca28db1814d85ea86aefe600cfa01350f73', '[\"*\"]', '2023-08-07 00:20:01', '2023-08-07 00:16:11', '2023-08-07 00:20:01'),
(237, 'App\\Models\\User', 115, 'utsavrattttan@gmail.com_Token', '2e26db2d4e6251bbf7cd46a681ffed56fc63b387d99b096aa0930007fb3c99fe', '[\"*\"]', '2023-08-08 20:42:49', '2023-08-08 20:41:11', '2023-08-08 20:42:49'),
(238, 'App\\Models\\User', 114, 'token', 'e9d2a6e339af4e274cebfd2d2fb0c2b099047cf5b2e252c642ea5cb70560882e', '[\"*\"]', '2023-08-09 22:07:03', '2023-08-09 22:03:15', '2023-08-09 22:07:03'),
(239, 'App\\Models\\User', 116, 'tau.ZiaRex.1645805317493@gmail.com_Token', '3ebb58520b94c29be3936ea63cd89e64643bf6bb12f7546d4d37c830fa7d8ecc', '[\"*\"]', '2023-09-01 15:42:52', '2023-09-01 15:40:18', '2023-09-01 15:42:52'),
(240, 'App\\Models\\User', 116, 'token', '363108351c9638fc014f19968e5cff80db374434201522a68323196d941847f6', '[\"*\"]', '2023-09-01 15:50:20', '2023-09-01 15:49:45', '2023-09-01 15:50:20'),
(241, 'App\\Models\\User', 116, 'token', 'd7f174a2576eabbb9f011e943080904177efa3d9e02551f588ab446a89d347d2', '[\"*\"]', '2023-09-01 15:53:30', '2023-09-01 15:50:41', '2023-09-01 15:53:30'),
(242, 'App\\Models\\User', 116, 'token', 'e8a3bee4467e7ec344355b06ac76e55d9256cb6cf799f07b83fc249f975d2acb', '[\"*\"]', '2023-09-01 15:54:37', '2023-09-01 15:54:15', '2023-09-01 15:54:37'),
(243, 'App\\Models\\User', 117, 'Tau.PaulBrennan.1663860376766@gmail.com_Token', 'e60d9ee4cdd056a3899b319ebc63609d7fafe17915ed8fc973c4cbcbd0a1ea05', '[\"*\"]', '2023-09-01 15:57:39', '2023-09-01 15:55:19', '2023-09-01 15:57:39'),
(244, 'App\\Models\\User', 118, 'tau.BenGrady.1645814430194@gmail.com_Token', 'aab4e33edbc3d7ff677b8ea5e826b3bc0e122280e9f0a254737d7a1096dfa91c', '[\"*\"]', '2023-09-01 16:20:14', '2023-09-01 16:17:43', '2023-09-01 16:20:14'),
(245, 'App\\Models\\User', 118, 'token', '45e090ecccf5b6f8b014bd853949b54fd7b9a385f1d7d34c0ae84e03a061f5ee', '[\"*\"]', '2023-09-01 16:22:46', '2023-09-01 16:20:53', '2023-09-01 16:22:46'),
(246, 'App\\Models\\User', 118, 'token', '3c689df3786945938f7526f07a7fa5e19693c2adba3e01f22cecdb296a1bd69e', '[\"*\"]', '2023-09-01 16:24:23', '2023-09-01 16:23:32', '2023-09-01 16:24:23'),
(247, 'App\\Models\\User', 119, 'tau.EliSidhu.1645807780515@gmail.com_Token', '49a422eded70544a5120f695baf478849f04112f87e82c62221e802f8bd1aff8', '[\"*\"]', '2023-09-01 16:53:12', '2023-09-01 16:52:46', '2023-09-01 16:53:12'),
(249, 'App\\Models\\User', 119, 'token', 'ac8fa458b0d3c4b3986371130f67e1ca919960059b6100c98530c0cfdbd2afc4', '[\"*\"]', '2023-09-01 16:57:04', '2023-09-01 16:53:35', '2023-09-01 16:57:04'),
(250, 'App\\Models\\User', 121, 'amfahadkhan@gmail.com_Token', '8979fa6fa64be9f025b1f150314423dbd6d5a36ff681a8350887993a520721f8', '[\"*\"]', '2023-09-03 03:23:35', '2023-09-03 03:22:58', '2023-09-03 03:23:35'),
(251, 'App\\Models\\User', 122, 'phirisolomon034@gmail.com_Token', '50cb492539e6d95306e672b1f50261d9628c8c7ef3aee09e51e76eb209c64fe0', '[\"*\"]', '2023-09-08 06:38:27', '2023-09-08 06:33:07', '2023-09-08 06:38:27'),
(252, 'App\\Models\\User', 122, 'token', 'da06cdf54392660c96fd01c359c5766d3f0bf217789a5a971578035122b3edd4', '[\"*\"]', '2023-09-08 06:42:07', '2023-09-08 06:38:55', '2023-09-08 06:42:07'),
(253, 'App\\Models\\User', 123, 'tau.ScottSidhu.1645807780513@gmail.com_Token', 'ed4eb8fc161c50d9fdfeb3a9b38a3681a7f1f705ccfb9423a9c36cf32746a56e', '[\"*\"]', '2023-10-03 12:29:50', '2023-10-03 12:01:50', '2023-10-03 12:29:50'),
(254, 'App\\Models\\User', 123, 'token', 'a355a81abbbee52cabc49856e77addb7fdfc85bc3919d1936ab8a4d92f65b248', '[\"*\"]', '2023-10-03 13:02:26', '2023-10-03 12:30:44', '2023-10-03 13:02:26'),
(255, 'App\\Models\\User', 124, 'tau.owengrant.1659014662196@gmail.com_Token', '909a1c2c124d69dd445511354b6fb8117e4bc3aab1ee9154209ae69862ad28bf', '[\"*\"]', '2023-10-03 13:18:08', '2023-10-03 13:12:32', '2023-10-03 13:18:08'),
(256, 'App\\Models\\User', 125, 'tau.ajaylockwood.1645822458170@gmail.com_Token', '8a258fff761c7c628f569eb0a8643eb4ad63635f01799be7be378ca0791aa0db', '[\"*\"]', '2023-10-03 13:43:37', '2023-10-03 13:29:05', '2023-10-03 13:43:37'),
(258, 'App\\Models\\User', 126, 'token', 'c51236ed07cf5c274bd30b8ed27c464543b1f937158a2f144a13e100cf637fbf', '[\"*\"]', '2023-10-03 13:54:51', '2023-10-03 13:52:21', '2023-10-03 13:54:51'),
(259, 'App\\Models\\User', 127, 'tau.DieterSidhu.1645808134184@gmail.com_Token', 'a1bd7bd54cf8af5841fe2bdebd2ee17be46b3e99d7c3238142ace3c52aeb9d44', '[\"*\"]', '2023-10-03 14:07:58', '2023-10-03 14:05:25', '2023-10-03 14:07:58'),
(260, 'App\\Models\\User', 128, 'tau.ajaycooper.1645825218094@gmail.com_Token', '744e39291e9dc48e30f84aaee2c5dc2f7bc663b0a3a114102c8ce6aaf4955f32', '[\"*\"]', '2023-11-09 14:10:44', '2023-11-09 14:08:13', '2023-11-09 14:10:44'),
(261, 'App\\Models\\User', 128, 'token', '15e1afe2e7f91de5202a367911915e519547f4ba7de925d0ca4f75c47da00079', '[\"*\"]', '2023-11-09 14:12:45', '2023-11-09 14:12:43', '2023-11-09 14:12:45'),
(262, 'App\\Models\\User', 129, 'tau.SansaStone.669230@gmail.com_Token', 'efe9abfc5c3ae288f53a690001db0a47bb0fe525a053a09fc7d65ef9f229108c', '[\"*\"]', '2023-11-09 14:23:05', '2023-11-09 14:15:41', '2023-11-09 14:23:05'),
(263, 'App\\Models\\User', 129, 'token', 'fc47e4065196ad94db735a8beb6dbfa14c97096b0b8c5d110681a5f57342ce34', '[\"*\"]', '2023-11-09 14:27:06', '2023-11-09 14:24:02', '2023-11-09 14:27:06'),
(264, 'App\\Models\\User', 130, 'tau.Johnrex.1645805317494@gmail.com_Token', 'c343d8e896d8e3ddbb340d2f9725800a82793c229562bc6efaa2493269ee0ba2', '[\"*\"]', '2023-11-09 14:40:56', '2023-11-09 14:30:22', '2023-11-09 14:40:56'),
(265, 'App\\Models\\User', 131, 'tau.ProcompsogSi.1645808134186@gmail.com_Token', 'abf5be8abbcab173e9ed30256f04ee088e44c379c09bb1eabafe13a9902116a1', '[\"*\"]', '2023-11-09 15:17:36', '2023-11-09 15:14:37', '2023-11-09 15:17:36'),
(266, 'App\\Models\\User', 132, 'tau.HoskinsGrady.1645814430191@gmail.com_Token', 'a9fb4bc26364fe8f1105fb97d8d1e45e9653279f67105e9da90310d0e783de6d', '[\"*\"]', '2023-11-09 17:20:40', '2023-11-09 17:18:52', '2023-11-09 17:20:40'),
(267, 'App\\Models\\User', 132, 'token', '50f3d10365c430603f6c09699091b8c8993c7c247416bfc13e82eb0aa6ad13a9', '[\"*\"]', '2023-11-09 17:21:02', '2023-11-09 17:20:50', '2023-11-09 17:21:02'),
(268, 'App\\Models\\User', 132, 'token', 'f0249ce5245e93ad5726d013dbf5d483804322900bb88471d6da2e9204ec6ac3', '[\"*\"]', '2023-11-09 17:22:13', '2023-11-09 17:21:39', '2023-11-09 17:22:13'),
(269, 'App\\Models\\User', 133, 'tau.ZaraSidhu.1645807780510@gmail.com_Token', 'adc3852f7a865f2f9b670e8df37e495a676511d8443001f1b89f68060f086d92', '[\"*\"]', '2023-11-24 12:45:57', '2023-11-24 12:43:51', '2023-11-24 12:45:57'),
(270, 'App\\Models\\User', 133, 'token', '1c5451e4947716530abb564ea4103994d3541d111fc933a964cec3c63f4474b5', '[\"*\"]', '2023-11-24 13:09:40', '2023-11-24 12:46:18', '2023-11-24 13:09:40'),
(271, 'App\\Models\\User', 134, 'tau.BenjaminGrad.1645814430190@gmail.com_Token', '0ef781a1ff61afce5342e23753b8c71164814ddc138ca94d4957f932a4d468d8', '[\"*\"]', '2023-11-24 13:31:19', '2023-11-24 12:47:13', '2023-11-24 13:31:19'),
(272, 'App\\Models\\User', 135, 'tau.doctorrex.1645805317493@gmail.com_Token', 'b224ae5ff4fc887d4b69ffd5e261a98ba2f5dcd40e4d90770ae48237cf8ec3a5', '[\"*\"]', '2023-11-24 13:27:29', '2023-11-24 13:26:48', '2023-11-24 13:27:29'),
(273, 'App\\Models\\User', 136, 'tau.EddieRex.1645805317494@gmail.com_Token', '248a593e6c5cb09ca6cddc914c8dc5469cf7fc5e1bc671a1502c1ba89519f2cb', '[\"*\"]', '2023-11-24 13:50:29', '2023-11-24 13:46:27', '2023-11-24 13:50:29'),
(274, 'App\\Models\\User', 68, 'token', 'dc7c4739585b41fc15ea466331293f664224b56741338dd4d85c43a339d01ab9', '[\"*\"]', '2024-01-03 23:21:21', '2024-01-03 23:20:44', '2024-01-03 23:21:21'),
(275, 'App\\Models\\User', 114, 'token', '654d01d764a188675ef48a20e04618a95f381bd7d20085837dda8845b6462e3b', '[\"*\"]', '2024-01-08 07:06:59', '2024-01-08 07:02:59', '2024-01-08 07:06:59'),
(276, 'App\\Models\\User', 114, 'token', '84992bf3f242065baac6b1389f10bb082fcb07c4a5fed4a995eaf09615767128', '[\"*\"]', '2024-01-09 08:29:14', '2024-01-09 08:26:00', '2024-01-09 08:29:14'),
(277, 'App\\Models\\User', 114, 'token', 'b050538b5be13ee00d80e8b90e72113d3ef22b970f0b30e1b05d15a22d31decf', '[\"*\"]', '2024-01-16 16:39:55', '2024-01-16 16:39:36', '2024-01-16 16:39:55'),
(278, 'App\\Models\\User', 114, 'token', '4346399464ab886d8de7ef6ed213c2e0ac92dde3bbd032a864d0774253610103', '[\"*\"]', '2024-01-16 16:50:48', '2024-01-16 16:46:50', '2024-01-16 16:50:48'),
(279, 'App\\Models\\User', 114, 'token', '446f3cdc9982fb9e3d830770b9866275257e53bab39fd301066b97c8a0d62c4c', '[\"*\"]', '2024-01-17 17:42:27', '2024-01-17 17:38:33', '2024-01-17 17:42:27'),
(280, 'App\\Models\\User', 114, 'token', 'a3aa83133076705ae20ed01c182b595ab05572fee5bc626160d9170fcbfe1bc1', '[\"*\"]', '2024-01-19 15:48:06', '2024-01-19 15:44:09', '2024-01-19 15:48:06'),
(281, 'App\\Models\\User', 114, 'token', '063ed501cbd53f86126f31f9fc502dd0484960700a4c0ea80085f97033342453', '[\"*\"]', '2024-01-23 23:30:02', '2024-01-23 23:26:02', '2024-01-23 23:30:02'),
(282, 'App\\Models\\User', 114, 'token', '1ec6e51cd6d24c3bad0095b0ef79765cc977b79f422f84066d4a800351dd3957', '[\"*\"]', '2024-01-28 16:37:04', '2024-01-28 16:33:06', '2024-01-28 16:37:04'),
(283, 'App\\Models\\User', 114, 'token', 'c2a108d0d2002cf4293d6ec31ccbbea436d2ebdaba7104912bf40c68d99bb18b', '[\"*\"]', '2024-04-12 16:29:57', '2024-04-12 16:25:57', '2024-04-12 16:29:57'),
(284, 'App\\Models\\User', 114, 'token', '691cfd5b8dbe011539555f209a6f3726ca0fac3494f9ffe91642672e55c5a243', '[\"*\"]', '2024-04-12 16:36:19', '2024-04-12 16:32:16', '2024-04-12 16:36:19'),
(285, 'App\\Models\\User', 114, 'token', 'c0d52412c7e880565ce128ed11f60f9f6c6628cc03d60e3ad97731b4f44ce653', '[\"*\"]', '2024-04-13 02:31:19', '2024-04-13 02:27:24', '2024-04-13 02:31:19'),
(286, 'App\\Models\\User', 114, 'token', 'ade1da8e187d55bd7cae309ad672037cb36ad2c77de3d6012a46aa3fda8856c9', '[\"*\"]', '2024-04-13 13:31:09', '2024-04-13 13:27:14', '2024-04-13 13:31:09'),
(287, 'App\\Models\\User', 114, 'token', '068037f43d689be291e7a47f995d8af6904701f6a354039b5d33c954b8e52149', '[\"*\"]', '2024-04-13 20:28:47', '2024-04-13 20:24:47', '2024-04-13 20:28:47'),
(288, 'App\\Models\\User', 114, 'token', '64331612775272fff97095971814e6370a09d60a98e82de50776b7233a614aec', '[\"*\"]', '2024-04-14 14:05:49', '2024-04-14 14:01:44', '2024-04-14 14:05:49'),
(289, 'App\\Models\\User', 114, 'token', '32f4a2e60fa0bb26f14c50dd6dd670eb87a314adfeeb48e14fb8c3afdd32557d', '[\"*\"]', '2024-04-15 15:30:11', '2024-04-15 15:26:19', '2024-04-15 15:30:11'),
(290, 'App\\Models\\User', 114, 'token', 'a922ab7cc7d7b131cc15b272b6016a0333b107a3895eeb44fbd44a3cb1491b85', '[\"*\"]', '2024-04-16 14:08:48', '2024-04-16 14:04:50', '2024-04-16 14:08:48'),
(291, 'App\\Models\\User', 114, 'token', '5bd14711a692c76e191c3d30dc2679fd5e00fdb20ffde1e666c5ccd153a3ce9a', '[\"*\"]', '2024-04-17 12:33:57', '2024-04-17 12:29:59', '2024-04-17 12:33:57'),
(292, 'App\\Models\\User', 114, 'token', '625c8bf13ac488a45781b3785bb6158c8e1d752f199c16089e5e84b06c54d770', '[\"*\"]', '2024-04-18 02:55:34', '2024-04-18 02:51:36', '2024-04-18 02:55:34');

-- --------------------------------------------------------

--
-- Table structure for table `posts`
--

CREATE TABLE `posts` (
  `id` int(11) NOT NULL,
  `user_id` int(11) NOT NULL,
  `title` text NOT NULL,
  `description` longtext NOT NULL,
  `image` varchar(200) DEFAULT NULL,
  `likes` int(10) UNSIGNED NOT NULL DEFAULT 0,
  `dislikes` int(10) UNSIGNED NOT NULL DEFAULT 0,
  `repost_count` varchar(200) NOT NULL DEFAULT '0',
  `created_at` timestamp NOT NULL DEFAULT current_timestamp(),
  `updated_at` timestamp NOT NULL DEFAULT current_timestamp()
) ENGINE=InnoDB DEFAULT CHARSET=latin1 COLLATE=latin1_swedish_ci;

--
-- Dumping data for table `posts`
--

INSERT INTO `posts` (`id`, `user_id`, `title`, `description`, `image`, `likes`, `dislikes`, `repost_count`, `created_at`, `updated_at`) VALUES
(36, 63, 'Happiness', 'Happiness is a choice, not a result.\nNothing will make you happy until you choose to be happy.', 'https://quantumit.online/Zoom_scholar/public/post/1679294638.jpg', 1, 1, '0', '2023-03-20 13:43:58', '2023-04-13 01:05:56'),
(37, 63, 'Lila', 'Meet Lila. She\'s 8 weeks old and came home with us tonight...', 'https://quantumit.online/Zoom_scholar/public/post/1679295037.jpg', 1, 0, '0', '2023-03-20 13:50:37', '2023-04-13 01:05:54'),
(38, 63, 'Vacation', 'A day in tahiti.\n\nBlue water, a small boat and a few friends.\n\nWhat a beautiful place!', 'https://quantumit.online/Zoom_scholar/public/post/1679299072.jpg', 2, 2, '0', '2023-03-20 14:57:52', '2023-04-13 01:05:52'),
(39, 65, 'What is Sdlc', 'Sdlc stands for software development life cycle. this is related to software development field.', 'https://quantumit.online/Zoom_scholar/public/post/1679320858.jpg', 1, 2, '0', '2023-03-20 21:00:58', '2023-04-22 00:30:28'),
(40, 67, 'Zoom Scholar', 'It\'s an app which enables user to post any information which he or she knows  user will also be able to see the posted content by other users as per his or her interest and learn new stuff', 'https://quantumit.online/Zoom_scholar/public/post/1679322423.jpg', 3, 0, '0', '2023-03-20 21:27:03', '2023-04-22 00:30:24'),
(41, 67, 'Zoom Scholar', 'It\'s an app which enables user to post any information which he or she knows  user will also be able to see the posted content by other users as per his or her interest and learn new stuff', 'https://quantumit.online/Zoom_scholar/public/post/1679322424.jpg', 4, 1, '0', '2023-03-20 21:27:04', '2023-04-13 01:05:47'),
(42, 65, 'what is average salary of software developer in India?', 'average salary of software developer in India is 3 to 6 lpa', 'https://quantumit.online/Zoom_scholar/public/post/1679327181.jpg', 6, 3, '0', '2023-03-20 22:46:21', '2023-04-13 01:06:40'),
(44, 75, 'where is this place ?', 'hii', 'https://quantumit.online/Zoom_scholar/public/post/1679660081.jpg', 1, 0, '0', '2023-03-24 19:14:41', '2023-04-22 00:44:29'),
(45, 77, 'Hjkl', 'Yuji', 'https://quantumit.online/Zoom_scholar/public/post/1679666246.jpg', 3, 0, '0', '2023-03-24 20:57:26', '2023-04-13 01:06:37'),
(46, 77, 'Hh', 'Hj', 'https://quantumit.online/Zoom_scholar/public/post/1679666923.jpg', 1, 3, '0', '2023-03-24 21:08:43', '2023-04-21 23:54:29'),
(47, 77, 'T', 'Testing 27th', 'https://quantumit.online/Zoom_scholar/public/post/1679917259.jpg', 6, 0, '0', '2023-03-27 18:40:59', '2023-04-22 01:17:51'),
(49, 77, 'Hh', 'Jay shree ram', 'https://quantumit.online/Zoom_scholar/public/post/1680152914.jpg', 5, 2, '0', '2023-03-30 12:08:34', '2023-04-21 23:54:32'),
(50, 77, 'Testing', 'Test Post', 'https://quantumit.online/Zoom_scholar/public/post/1680157230.jpg', 6, 1, '0', '2023-03-30 13:20:30', '2023-04-13 10:58:33'),
(51, 77, 'Testing', 'How is the Logo', 'https://quantumit.online/Zoom_scholar/public/post/1680691731.jpg', 4, 2, '0', '2023-04-05 17:48:51', '2023-04-20 12:38:23'),
(52, 94, 'who is your favourite cricket player?', 'Tell me in the comments who is your favourite cricket player.', 'https://quantumit.online/Zoom_scholar/public/post/1680704581.jpg', 4, 2, '0', '2023-04-05 21:23:01', '2023-04-22 00:51:49'),
(53, 77, 'Testing', 'Quality Assurance', 'https://quantumit.online/Zoom_scholar/public/post/1681280291.jpg', 4, 0, '0', '2023-04-12 13:18:11', '2023-04-24 14:56:11'),
(54, 79, 'Qa', 'How to be QA', 'https://quantumit.online/Zoom_scholar/public/post/1681363612.jpg', 5, 1, '0', '2023-04-13 12:26:52', '2023-04-25 12:41:10'),
(55, 108, 'My new post.', 'this is the new post.', 'https://quantumit.online/Zoom_scholar/public/post/1682097852.png', 3, 0, '0', '2023-04-22 00:24:12', '2023-04-25 12:40:45'),
(56, 110, 'TESTING', 'Testing', 'https://quantumit.online/Zoom_scholar/public/post/1682408647.jpg', 1, 1, '0', '2023-04-25 14:44:07', '2023-04-25 14:45:52'),
(57, 110, 'Testing', 'Ghy', 'https://quantumit.online/Zoom_scholar/public/post/1682408690.jpg', 1, 0, '0', '2023-04-25 14:44:50', '2023-04-25 14:46:14'),
(58, 109, 'Testing@gmail.com', 'Jsjs', 'https://quantumit.online/Zoom_scholar/public/post/1682408847.jpg', 2, 0, '0', '2023-04-25 14:47:27', '2023-04-25 14:50:15'),
(59, 68, 'checking like bug', 'there seems to be a bug.', 'https://quantumit.online/Zoom_scholar/public/post/1682411074.jpg', 0, 0, '0', '2023-04-25 15:24:34', '2023-04-25 15:24:34'),
(60, 68, 'Kausani', 'a place in uttrakhand', 'https://quantumit.online/Zoom_scholar/public/post/1682411331.jpg', 1, 0, '0', '2023-04-25 15:28:51', '2023-05-17 04:40:36'),
(61, 68, 'checking', 'abc', 'https://quantumit.online/Zoom_scholar/public/post/1682411811.jpg', 0, 0, '0', '2023-04-25 15:36:51', '2023-04-25 15:42:04'),
(62, 68, 'no', 'surf', 'https://quantumit.online/Zoom_scholar/public/post/1682412189.jpg', 2, 0, '0', '2023-04-25 15:43:09', '2023-05-27 19:16:30'),
(63, 109, 'Jjs', 'Jaaj', 'https://quantumit.online/Zoom_scholar/public/post/1682419851.jpg', 2, 0, '0', '2023-04-25 17:50:51', '2023-05-17 04:39:01'),
(64, 94, 'This is demo title', 'this is demo description.', 'https://quantumit.online/Zoom_scholar/public/post/1684433287.jpg', 2, 0, '0', '2023-05-19 06:38:07', '2023-07-05 23:56:19'),
(65, 116, 'uuvibuii', 'bhbhk jk jkbji', 'https://quantumit.online/Zoom_scholar/public/post/1693538556.png', 0, 0, '0', '2023-09-01 15:52:36', '2023-09-01 15:52:36'),
(66, 116, 'uuvibuii', 'bhbhk jk jkbji', 'https://quantumit.online/Zoom_scholar/public/post/1693538562.png', 0, 0, '0', '2023-09-01 15:52:42', '2023-09-01 15:52:42'),
(67, 118, 'animals', 'what why?', 'https://quantumit.online/Zoom_scholar/public/post/1693540347.png', 0, 0, '0', '2023-09-01 16:22:27', '2023-09-01 16:22:27'),
(68, 119, 'vugvugvug', 'vugfufyf', 'https://quantumit.online/Zoom_scholar/public/post/1693542307.jpg', 0, 0, '0', '2023-09-01 16:55:07', '2023-09-01 16:55:07'),
(69, 119, 'vugvugvug', 'vugfufyf', 'https://quantumit.online/Zoom_scholar/public/post/1693542308.jpg', 0, 0, '0', '2023-09-01 16:55:08', '2023-09-01 16:55:08'),
(70, 119, 'vugvugvug', 'vugfufyf', 'https://quantumit.online/Zoom_scholar/public/post/1693542308.jpg', 0, 0, '0', '2023-09-01 16:55:08', '2023-09-01 16:55:08'),
(71, 119, 'vugvugvug', 'vugfufyf', 'https://quantumit.online/Zoom_scholar/public/post/1693542308.jpg', 0, 0, '0', '2023-09-01 16:55:08', '2023-09-01 16:55:08'),
(72, 119, 'vugvugvug', 'vugfufyf', 'https://quantumit.online/Zoom_scholar/public/post/1693542309.jpg', 0, 0, '0', '2023-09-01 16:55:09', '2023-09-01 16:55:09'),
(73, 119, 'vugvugvug', 'vugfufyf', 'https://quantumit.online/Zoom_scholar/public/post/1693542309.jpg', 0, 0, '0', '2023-09-01 16:55:09', '2023-09-01 16:55:09'),
(74, 126, '2o2dm29d2o2dm29d3m9m', 'woowsm2odm2odm3o', 'https://quantumit.online/Zoom_scholar/public/post/1696295469.png', 0, 0, '0', '2023-10-03 13:41:09', '2023-10-03 13:41:09'),
(75, 126, 'xc.mx,cx,.mc', 'xmnxmcnmxcn', 'https://quantumit.online/Zoom_scholar/public/post/1696295665.png', 0, 0, '0', '2023-10-03 13:44:25', '2023-10-03 13:44:25'),
(76, 132, 'test', 'the best way place to go is to find the a', 'https://quantumit.online/Zoom_scholar/public/post/1699505424.jpg', 0, 0, '0', '2023-11-09 17:20:24', '2023-11-09 17:20:24');

-- --------------------------------------------------------

--
-- Table structure for table `post_comments`
--

CREATE TABLE `post_comments` (
  `id` int(11) NOT NULL,
  `post_id` int(11) NOT NULL,
  `description` text NOT NULL,
  `user_id` int(11) DEFAULT NULL,
  `created_at` timestamp NOT NULL DEFAULT current_timestamp() ON UPDATE current_timestamp(),
  `updated_at` timestamp NOT NULL DEFAULT current_timestamp()
) ENGINE=InnoDB DEFAULT CHARSET=latin1 COLLATE=latin1_swedish_ci;

--
-- Dumping data for table `post_comments`
--

INSERT INTO `post_comments` (`id`, `post_id`, `description`, `user_id`, `created_at`, `updated_at`) VALUES
(52, 39, 'SDLC stands for software development life cycle', 67, '2023-03-20 21:20:01', '2023-03-20 14:20:01'),
(53, 37, 'hi lila', 67, '2023-03-20 21:21:10', '2023-03-20 14:21:10'),
(54, 42, 'hiiiiiui', 68, '2023-03-23 02:25:30', '2023-03-22 19:25:30'),
(55, 42, 'gandhe', 68, '2023-03-23 02:25:50', '2023-03-22 19:25:50'),
(56, 42, 'handbags', 68, '2023-03-23 02:25:59', '2023-03-22 19:25:59'),
(57, 42, 'vegetables', 68, '2023-03-23 02:26:06', '2023-03-22 19:26:06'),
(58, 42, 'exercise', 68, '2023-03-23 02:26:12', '2023-03-22 19:26:12'),
(59, 41, 'yo', 68, '2023-03-24 00:03:11', '2023-03-23 17:03:11'),
(60, 42, 'helllooo!!!', 76, '2023-03-24 11:45:32', '2023-03-24 04:45:32'),
(61, 38, 'hi', 77, '2023-03-24 15:42:14', '2023-03-24 08:42:14'),
(62, 42, 'hi bro', 77, '2023-03-24 15:43:05', '2023-03-24 08:43:05'),
(63, 42, 'hiii', 77, '2023-03-24 15:44:37', '2023-03-24 08:44:37'),
(64, 36, 'hi', 77, '2023-03-24 16:04:59', '2023-03-24 09:04:59'),
(65, 44, 'hi', 77, '2023-03-24 20:53:56', '2023-03-24 13:53:56'),
(66, 39, 'Nice Explainations!!', 65, '2023-03-27 15:23:31', '2023-03-27 08:23:31'),
(67, 46, 'hi', 77, '2023-03-27 18:27:02', '2023-03-27 11:27:02'),
(68, 39, 'Nice Explainations!!', 65, '2023-03-29 14:38:05', '2023-03-29 07:38:05'),
(69, 42, 'zero', 65, '2023-03-29 16:07:51', '2023-03-29 09:07:51'),
(70, 47, 'hi', 89, '2023-03-29 17:22:47', '2023-03-29 10:22:47'),
(71, 47, 'hi', 89, '2023-03-29 17:22:49', '2023-03-29 10:22:49'),
(72, 47, 'what is this yarrrr', 65, '2023-03-29 18:16:56', '2023-03-29 11:16:56'),
(73, 42, 'hiiii', 77, '2023-03-29 18:17:14', '2023-03-29 11:17:14'),
(74, 46, 'gudipadwa cha hardik chubeksha', 65, '2023-03-29 18:17:14', '2023-03-29 11:17:14'),
(75, 42, 'me jaha rahu', 65, '2023-03-29 18:17:41', '2023-03-29 11:17:41'),
(76, 39, 'hiii', 77, '2023-03-29 18:18:21', '2023-03-29 11:18:21'),
(77, 42, 'testing your app', 77, '2023-03-29 20:06:11', '2023-03-29 13:06:11'),
(78, 47, 'is this working', 65, '2023-03-29 20:06:23', '2023-03-29 13:06:23'),
(79, 39, 'hiiii', 77, '2023-03-29 20:09:36', '2023-03-29 13:09:36'),
(80, 42, 'yyu', 77, '2023-03-29 20:09:48', '2023-03-29 13:09:48'),
(81, 42, 'yyu', 77, '2023-03-29 20:09:48', '2023-03-29 13:09:48'),
(82, 47, 'India is my country', 65, '2023-03-29 20:10:33', '2023-03-29 13:10:33'),
(83, 47, 'hj', 77, '2023-03-29 20:11:48', '2023-03-29 13:11:48'),
(84, 47, 'hello', 90, '2023-03-30 10:35:14', '2023-03-30 03:35:14'),
(85, 50, 'is it working fine??', 90, '2023-03-30 13:21:11', '2023-03-30 06:21:11'),
(86, 49, 'testing', 77, '2023-03-30 13:21:57', '2023-03-30 06:21:57'),
(87, 50, 'commenting', 90, '2023-03-30 13:37:54', '2023-03-30 06:37:54'),
(88, 50, 'like automatically removing', 65, '2023-03-30 17:01:57', '2023-03-30 10:01:57'),
(89, 42, 'hiiiiii', 77, '2023-03-30 17:15:19', '2023-03-30 10:15:19'),
(90, 42, 'mujhe kya', 94, '2023-03-30 17:18:31', '2023-03-30 10:18:31'),
(91, 50, 'cjtccyfcfy', 65, '2023-03-30 17:25:55', '2023-03-30 10:25:55'),
(92, 42, 'nice salary', 94, '2023-03-30 18:32:09', '2023-03-30 11:32:09'),
(93, 50, 'what am I even doing', 94, '2023-03-30 23:25:42', '2023-03-30 16:25:42'),
(94, 49, 'ek hi naara ek hi naam', 94, '2023-03-31 21:23:34', '2023-03-31 14:23:34'),
(95, 49, 'jai shree ram jai shree ram', 94, '2023-03-31 21:23:41', '2023-03-31 14:23:41'),
(96, 49, 'jai shree ram jai shree ram', 94, '2023-03-31 21:23:43', '2023-03-31 14:23:43'),
(97, 44, 'kedarnath', 65, '2023-04-01 04:11:35', '2023-03-31 21:11:35'),
(98, 50, 'hii', 78, '2023-04-05 17:45:46', '2023-04-05 10:45:46'),
(99, 51, 'ehee!! very noicee', 94, '2023-04-05 21:21:32', '2023-04-05 14:21:32'),
(100, 52, 'Mine is Ashwin', 94, '2023-04-05 21:23:52', '2023-04-05 14:23:52'),
(101, 52, 'Today my favourite cricketer is Virat Kohli', 65, '2023-04-06 15:20:41', '2023-04-06 08:20:41'),
(102, 51, 'niceee', 78, '2023-04-06 15:25:13', '2023-04-06 08:25:13'),
(103, 52, 'Today my favourite cricketer is Mohd shami', 65, '2023-04-12 17:37:20', '2023-04-12 10:37:20'),
(104, 52, 'virat kohli', 101, '2023-04-14 11:54:21', '2023-04-14 04:54:21'),
(105, 54, 'hiii', 68, '2023-04-21 23:12:08', '2023-04-21 16:12:08'),
(106, 54, 'hi', 105, '2023-04-21 23:25:47', '2023-04-21 16:25:47'),
(107, 50, 'hii', 107, '2023-04-21 23:54:38', '2023-04-21 16:54:38'),
(108, 54, 'yes', 108, '2023-04-22 00:13:54', '2023-04-21 17:13:54'),
(109, 55, 'yes', 107, '2023-04-22 00:24:51', '2023-04-21 17:24:51'),
(110, 55, 'hi', 109, '2023-04-25 12:40:50', '2023-04-25 05:40:50'),
(111, 63, 'test', 110, '2023-04-25 17:51:44', '2023-04-25 10:51:44'),
(112, 62, 'xyzx', 94, '2023-04-26 18:57:33', '2023-04-26 06:27:33'),
(113, 64, 'this is my comment', 94, '2023-05-27 05:41:26', '2023-05-26 17:11:26'),
(114, 64, 'testt', 94, '2023-05-27 19:16:00', '2023-05-27 06:46:00'),
(115, 62, 'wow this nice place', 94, '2023-05-27 19:16:38', '2023-05-27 06:46:38'),
(116, 64, 'helloo', 113, '2023-07-05 23:56:23', '2023-07-05 11:26:23');

-- --------------------------------------------------------

--
-- Table structure for table `post_dislikes`
--

CREATE TABLE `post_dislikes` (
  `id` int(11) NOT NULL,
  `user_id` int(11) NOT NULL,
  `post_id` int(11) NOT NULL,
  `created_at` timestamp NOT NULL DEFAULT current_timestamp() ON UPDATE current_timestamp(),
  `updated_at` timestamp NOT NULL DEFAULT current_timestamp()
) ENGINE=InnoDB DEFAULT CHARSET=latin1 COLLATE=latin1_swedish_ci;

--
-- Dumping data for table `post_dislikes`
--

INSERT INTO `post_dislikes` (`id`, `user_id`, `post_id`, `created_at`, `updated_at`) VALUES
(8, 63, 38, '2023-03-24 09:03:32', '2023-03-24 09:03:32'),
(27, 89, 46, '2023-03-29 10:21:15', '2023-03-29 10:21:15'),
(105, 65, 46, '2023-03-30 04:27:11', '2023-03-30 04:27:11'),
(112, 77, 42, '2023-03-30 10:15:14', '2023-03-30 10:15:14'),
(116, 65, 42, '2023-04-05 06:05:01', '2023-04-05 06:05:01'),
(121, 78, 50, '2023-04-05 10:45:42', '2023-04-05 10:45:42'),
(122, 78, 49, '2023-04-05 10:45:42', '2023-04-05 10:45:42'),
(123, 94, 52, '2023-04-05 14:24:32', '2023-04-05 14:24:32'),
(195, 77, 36, '2023-04-12 11:11:08', '2023-04-12 11:11:08'),
(204, 77, 38, '2023-04-12 17:29:07', '2023-04-12 17:29:07'),
(211, 68, 41, '2023-04-12 18:05:47', '2023-04-12 18:05:47'),
(212, 68, 39, '2023-04-12 18:05:51', '2023-04-12 18:05:51'),
(214, 68, 46, '2023-04-12 18:06:36', '2023-04-12 18:06:36'),
(215, 68, 42, '2023-04-12 18:06:40', '2023-04-12 18:06:40'),
(230, 77, 51, '2023-04-13 01:34:56', '2023-04-13 01:34:56'),
(233, 79, 49, '2023-04-13 03:58:34', '2023-04-13 03:58:34'),
(235, 65, 54, '2023-04-15 06:47:55', '2023-04-15 06:47:55'),
(238, 102, 51, '2023-04-20 05:38:23', '2023-04-20 05:38:23'),
(263, 107, 39, '2023-04-21 17:30:28', '2023-04-21 17:30:28'),
(274, 107, 52, '2023-04-21 17:51:49', '2023-04-21 17:51:49'),
(340, 77, 54, '2023-04-24 07:56:09', '2023-04-24 07:56:09'),
(345, 109, 56, '2023-04-25 07:45:52', '2023-04-25 07:45:52');

-- --------------------------------------------------------

--
-- Table structure for table `post_likes`
--

CREATE TABLE `post_likes` (
  `id` int(11) UNSIGNED NOT NULL,
  `user_id` int(11) NOT NULL,
  `post_id` int(11) NOT NULL,
  `created_at` timestamp NOT NULL DEFAULT current_timestamp() ON UPDATE current_timestamp(),
  `updated_at` timestamp NOT NULL DEFAULT current_timestamp()
) ENGINE=InnoDB DEFAULT CHARSET=latin1 COLLATE=latin1_swedish_ci;

--
-- Dumping data for table `post_likes`
--

INSERT INTO `post_likes` (`id`, `user_id`, `post_id`, `created_at`, `updated_at`) VALUES
(109, 67, 39, '2023-03-20 14:19:22', '2023-03-20 14:19:22'),
(110, 67, 38, '2023-03-20 14:20:31', '2023-03-20 14:20:31'),
(113, 69, 41, '2023-03-22 07:44:05', '2023-03-22 07:44:05'),
(114, 69, 42, '2023-03-22 07:44:06', '2023-03-22 07:44:06'),
(118, 70, 42, '2023-03-23 11:22:44', '2023-03-23 11:22:44'),
(119, 76, 42, '2023-03-24 04:45:08', '2023-03-24 04:45:08'),
(120, 76, 41, '2023-03-24 04:46:07', '2023-03-24 04:46:07'),
(141, 75, 41, '2023-03-24 10:39:44', '2023-03-24 10:39:44'),
(144, 75, 40, '2023-03-24 10:48:21', '2023-03-24 10:48:21'),
(146, 75, 42, '2023-03-24 11:03:00', '2023-03-24 11:03:00'),
(168, 65, 47, '2023-03-29 09:07:38', '2023-03-29 09:07:38'),
(175, 89, 42, '2023-03-29 10:21:32', '2023-03-29 10:21:32'),
(176, 89, 41, '2023-03-29 10:21:34', '2023-03-29 10:21:34'),
(177, 89, 40, '2023-03-29 10:21:36', '2023-03-29 10:21:36'),
(181, 89, 47, '2023-03-29 10:22:09', '2023-03-29 10:22:09'),
(193, 65, 45, '2023-03-29 11:17:27', '2023-03-29 11:17:27'),
(221, 90, 47, '2023-03-30 03:35:06', '2023-03-30 03:35:06'),
(242, 94, 42, '2023-03-30 10:16:25', '2023-03-30 10:16:25'),
(244, 94, 50, '2023-03-30 10:25:40', '2023-03-30 10:25:40'),
(245, 65, 49, '2023-03-31 08:53:37', '2023-03-31 08:53:37'),
(246, 94, 49, '2023-03-31 14:25:11', '2023-03-31 14:25:11'),
(247, 95, 50, '2023-04-01 03:35:47', '2023-04-01 03:35:47'),
(258, 94, 51, '2023-04-05 14:21:22', '2023-04-05 14:21:22'),
(260, 78, 51, '2023-04-06 08:25:03', '2023-04-06 08:25:03'),
(274, 77, 45, '2023-04-12 06:28:42', '2023-04-12 06:28:42'),
(312, 65, 52, '2023-04-12 10:09:11', '2023-04-12 10:09:11'),
(356, 68, 49, '2023-04-12 18:05:35', '2023-04-12 18:05:35'),
(360, 68, 40, '2023-04-12 18:05:49', '2023-04-12 18:05:49'),
(361, 68, 38, '2023-04-12 18:05:52', '2023-04-12 18:05:52'),
(362, 68, 37, '2023-04-12 18:05:54', '2023-04-12 18:05:54'),
(363, 68, 36, '2023-04-12 18:05:56', '2023-04-12 18:05:56'),
(365, 68, 52, '2023-04-12 18:06:11', '2023-04-12 18:06:11'),
(366, 68, 51, '2023-04-12 18:06:18', '2023-04-12 18:06:18'),
(367, 68, 50, '2023-04-12 18:06:18', '2023-04-12 18:06:18'),
(368, 68, 45, '2023-04-12 18:06:37', '2023-04-12 18:06:37'),
(377, 77, 50, '2023-04-13 01:32:15', '2023-04-13 01:32:15'),
(383, 79, 47, '2023-04-13 01:36:23', '2023-04-13 01:36:23'),
(386, 77, 52, '2023-04-13 03:57:47', '2023-04-13 03:57:47'),
(387, 79, 51, '2023-04-13 03:58:31', '2023-04-13 03:58:31'),
(388, 79, 50, '2023-04-13 03:58:33', '2023-04-13 03:58:33'),
(390, 102, 54, '2023-04-15 06:42:09', '2023-04-15 06:42:09'),
(392, 102, 49, '2023-04-15 06:42:58', '2023-04-15 06:42:58'),
(402, 105, 54, '2023-04-21 16:16:04', '2023-04-21 16:16:04'),
(404, 105, 53, '2023-04-21 16:16:10', '2023-04-21 16:16:10'),
(405, 105, 52, '2023-04-21 16:16:25', '2023-04-21 16:16:25'),
(406, 79, 54, '2023-04-21 16:34:21', '2023-04-21 16:34:21'),
(409, 107, 46, '2023-04-21 16:54:29', '2023-04-21 16:54:29'),
(410, 107, 47, '2023-04-21 16:54:30', '2023-04-21 16:54:30'),
(411, 107, 49, '2023-04-21 16:54:32', '2023-04-21 16:54:32'),
(414, 108, 54, '2023-04-21 17:14:20', '2023-04-21 17:14:20'),
(448, 68, 44, '2023-04-21 17:44:29', '2023-04-21 17:44:29'),
(450, 68, 53, '2023-04-21 17:44:53', '2023-04-21 17:44:53'),
(472, 68, 47, '2023-04-21 18:17:51', '2023-04-21 18:17:51'),
(521, 68, 55, '2023-04-22 16:08:01', '2023-04-22 16:08:01'),
(528, 77, 55, '2023-04-24 07:56:06', '2023-04-24 07:56:06'),
(530, 77, 53, '2023-04-24 07:56:11', '2023-04-24 07:56:11'),
(533, 109, 55, '2023-04-25 05:40:45', '2023-04-25 05:40:45'),
(534, 109, 54, '2023-04-25 05:41:10', '2023-04-25 05:41:10'),
(538, 110, 57, '2023-04-25 07:45:07', '2023-04-25 07:45:07'),
(539, 110, 56, '2023-04-25 07:45:11', '2023-04-25 07:45:11'),
(544, 110, 58, '2023-04-25 07:48:43', '2023-04-25 07:48:43'),
(545, 109, 58, '2023-04-25 07:50:15', '2023-04-25 07:50:15'),
(553, 68, 60, '2023-04-25 08:38:46', '2023-04-25 08:38:46'),
(569, 109, 62, '2023-04-25 10:50:12', '2023-04-25 10:50:12'),
(570, 110, 63, '2023-04-25 10:51:37', '2023-04-25 10:51:37'),
(572, 109, 63, '2023-04-26 06:23:20', '2023-04-26 06:23:20'),
(575, 94, 64, '2023-05-22 17:09:17', '2023-05-22 17:09:17'),
(576, 94, 62, '2023-05-27 06:46:30', '2023-05-27 06:46:30'),
(578, 113, 64, '2023-07-05 11:26:19', '2023-07-05 11:26:19');

-- --------------------------------------------------------

--
-- Table structure for table `questions`
--

CREATE TABLE `questions` (
  `id` int(11) NOT NULL,
  `question` longtext NOT NULL,
  `updated_at` timestamp NOT NULL DEFAULT current_timestamp(),
  `created_at` timestamp NOT NULL DEFAULT current_timestamp(),
  `user_id` int(11) NOT NULL
) ENGINE=InnoDB DEFAULT CHARSET=latin1 COLLATE=latin1_swedish_ci;

--
-- Dumping data for table `questions`
--

INSERT INTO `questions` (`id`, `question`, `updated_at`, `created_at`, `user_id`) VALUES
(23, 'If Remy was an abbreviation what would it stand for?', '2023-03-20 13:57:42', '2023-03-20 13:57:42', 63),
(24, 'How Zoom Scholar is going to help students ??', '2023-03-20 21:24:55', '2023-03-20 21:24:55', 67),
(25, 'what server should I opt for handling 100k+ users on Android and iOS social apps?', '2023-03-21 20:33:44', '2023-03-21 20:33:44', 65),
(26, 'How do I get started with Bitcoin mining?', '2023-03-21 20:46:51', '2023-03-21 20:46:51', 65),
(27, 'why??', '2023-03-22 14:09:16', '2023-03-22 14:09:16', 68),
(28, 'why so ??', '2023-03-24 00:22:45', '2023-03-24 00:12:09', 68),
(29, 'will you be able to do it ??', '2023-04-21 23:53:32', '2023-03-24 00:15:36', 68),
(30, 'what\'s your plan for jaipur trip?', '2023-03-24 11:50:55', '2023-03-24 11:50:55', 76),
(31, 'what do you think about spirituality??', '2023-03-24 11:51:50', '2023-03-24 11:51:50', 76),
(32, 'was it here ?', '2023-03-24 13:57:31', '2023-03-24 13:57:31', 75),
(33, 'Hii everyone', '2023-03-24 15:53:08', '2023-03-24 15:53:08', 77),
(34, 'Hh', '2023-03-24 15:54:56', '2023-03-24 15:54:56', 77),
(35, 'Hhkk', '2023-03-27 18:42:55', '2023-03-24 20:56:40', 77),
(36, 'Testing 27th', '2023-03-27 18:40:30', '2023-03-27 18:40:30', 77),
(37, 'New', '2023-03-29 20:13:31', '2023-03-29 20:13:31', 77),
(38, 'I\'m bored...... what to do in spare time', '2023-03-29 20:18:37', '2023-03-29 20:18:37', 65),
(39, 'Jay shree ram', '2023-03-30 12:07:27', '2023-03-30 12:07:27', 77),
(40, 'Hiii', '2023-03-30 13:16:29', '2023-03-30 13:16:29', 77),
(41, 'Test questions', '2023-03-30 13:17:40', '2023-03-30 13:17:40', 77),
(42, 'How to get visa for dubai', '2023-04-05 17:49:48', '2023-04-05 17:49:48', 77),
(43, 'How to invest in crypto??', '2023-04-12 13:19:01', '2023-04-12 13:19:01', 77),
(44, 'What\'s the today temperature??', '2023-04-13 12:27:26', '2023-04-13 12:27:26', 79),
(45, 'What is the best place in Uttarakhand to visit with family', '2023-04-14 11:56:39', '2023-04-14 11:56:39', 101),
(46, 'THIS app is secure or not', '2023-04-15 13:43:31', '2023-04-15 13:43:31', 102),
(47, 'how often should one smoke ?', '2023-04-16 20:25:08', '2023-04-16 20:25:08', 101),
(48, 'GUYS, WHICH IS THE BEST PLACE FOR TOUR', '2023-04-20 12:42:02', '2023-04-20 12:42:02', 102),
(49, 'What is the weather like in India? Does global warming affecting the overall weather there?', '2023-04-21 21:04:58', '2023-04-21 21:04:58', 103),
(50, 'Hj', '2023-04-21 23:57:45', '2023-04-21 23:57:45', 107),
(51, 'what do you think about Bitcoin ?', '2023-04-22 00:19:02', '2023-04-22 00:19:02', 108),
(52, 'TESTING PURPOSES', '2023-04-25 14:43:33', '2023-04-25 14:43:33', 110),
(53, 'Is software development a good career option', '2023-04-25 18:55:57', '2023-04-25 18:55:57', 65),
(54, 'i have changed time zone. do u feel any changes', '2023-04-26 01:12:21', '2023-04-26 01:12:21', 65),
(55, 'Hii', '2023-04-26 18:54:02', '2023-04-26 18:54:02', 110),
(56, 'can somebody give me specialist', '2023-05-02 02:06:54', '2023-05-02 02:06:54', 94),
(57, 'asdfg', '2023-07-13 18:34:50', '2023-07-13 18:34:50', 94),
(58, 'what is your petpeeve', '2023-09-01 15:41:55', '2023-09-01 15:41:55', 116),
(59, 'what hurt you the most', '2023-09-01 15:42:38', '2023-09-01 15:42:38', 116),
(60, 'fiyciyyivuibjibjo', '2023-09-01 15:51:53', '2023-09-01 15:51:53', 116),
(61, 'how to fimd happiness', '2023-09-01 15:52:17', '2023-09-01 15:52:17', 116),
(62, 'uixqauvchqiwbcwoisbwcsio', '2023-09-01 15:54:30', '2023-09-01 15:54:30', 116),
(63, 'test', '2023-09-01 15:56:06', '2023-09-01 15:56:06', 117),
(64, 'test', '2023-09-01 15:56:57', '2023-09-01 15:56:57', 117),
(65, 'why do thanos want to wipe half of the whole universe?', '2023-09-01 16:19:05', '2023-09-01 16:19:05', 118),
(66, 'what why and when?', '2023-09-01 16:19:43', '2023-09-01 16:19:43', 118),
(67, 'why what?', '2023-09-01 16:21:04', '2023-09-01 16:21:04', 118),
(68, 'what when why?', '2023-09-01 16:23:50', '2023-09-01 16:23:50', 118),
(69, 'what is yoyr favorite animal?', '2023-09-01 16:54:15', '2023-09-01 16:54:15', 119),
(70, 'wgat is my name', '2023-09-01 16:55:26', '2023-09-01 16:55:26', 120),
(71, 'johoihou', '2023-09-01 16:56:42', '2023-09-01 16:56:42', 119),
(72, 'how do I connect with my classmates?', '2023-09-08 06:40:35', '2023-09-08 06:40:35', 122),
(73, 'h cychvcucjvystx ycyvuvuvj dy c5sysdyyc', '2023-10-03 12:29:46', '2023-10-03 12:29:46', 123),
(74, 'how to read a book?', '2023-10-03 13:39:31', '2023-10-03 13:39:31', 126),
(75, 'who is the first president of africa', '2023-10-03 14:06:57', '2023-10-03 14:06:57', 127),
(76, 'why eart is sphere?', '2023-11-09 14:10:31', '2023-11-09 14:10:31', 128),
(77, 'what are the bottles for', '2023-11-09 14:26:08', '2023-11-09 14:26:08', 129),
(78, 'how to survive', '2023-11-09 14:31:16', '2023-11-09 14:31:16', 130),
(79, 'why is the sea blue', '2023-11-09 15:15:27', '2023-11-09 15:15:27', 131),
(80, 'how do you know if you are the a in the a in the a in the a in the a', '2023-11-09 17:19:41', '2023-11-09 17:19:41', 132),
(81, 'what is the coldest place in the world', '2023-11-24 12:45:23', '2023-11-24 12:45:23', 133),
(82, 'why', '2023-11-24 12:47:55', '2023-11-24 12:47:55', 134),
(83, 'what is the most expensive dog breed', '2023-11-24 12:49:03', '2023-11-24 12:49:03', 133),
(84, 'what is love', '2023-11-24 12:51:02', '2023-11-24 12:51:02', 133),
(85, 'what is love', '2023-11-24 12:52:04', '2023-11-24 12:52:04', 133),
(86, 'what is love', '2023-11-24 12:55:03', '2023-11-24 12:55:03', 133),
(87, 'test', '2023-11-24 13:47:25', '2023-11-24 13:47:25', 136),
(88, 'jugfjugcjugdjutd', '2023-11-24 13:47:46', '2023-11-24 13:47:46', 136),
(89, 'testmail@mail.com', '2024-01-23 23:29:25', '2024-01-23 23:29:25', 114),
(90, 'testmail@mail.com', '2024-01-23 23:29:32', '2024-01-23 23:29:32', 114);

-- --------------------------------------------------------

--
-- Table structure for table `skills`
--

CREATE TABLE `skills` (
  `id` bigint(20) UNSIGNED NOT NULL,
  `name` varchar(255) NOT NULL,
  `status` tinyint(1) NOT NULL DEFAULT 1,
  `created_at` timestamp NULL DEFAULT NULL,
  `updated_at` timestamp NULL DEFAULT NULL
) ENGINE=InnoDB DEFAULT CHARSET=utf8mb4 COLLATE=utf8mb4_unicode_ci;

--
-- Dumping data for table `skills`
--

INSERT INTO `skills` (`id`, `name`, `status`, `created_at`, `updated_at`) VALUES
(1, 'php', 1, '2022-07-08 05:22:10', '2022-07-08 05:22:10'),
(2, 'CSS', 1, '2022-07-08 06:33:49', '2022-07-08 06:33:49');

-- --------------------------------------------------------

--
-- Table structure for table `users`
--

CREATE TABLE `users` (
  `id` int(11) NOT NULL,
  `first_name` varchar(255) NOT NULL,
  `last_name` varchar(200) DEFAULT NULL,
  `phone` varchar(200) DEFAULT NULL,
  `dob` varchar(200) DEFAULT NULL,
  `profile_image` varchar(200) NOT NULL DEFAULT 'https://cdn.pixabay.com/photo/2015/10/05/22/37/blank-profile-picture-973460__340.png',
  `email` varchar(255) NOT NULL,
  `email_verified_at` timestamp NULL DEFAULT NULL,
  `password` varchar(255) NOT NULL,
  `device_token` varchar(2048) DEFAULT NULL,
  `remember_token` varchar(100) DEFAULT NULL,
  `otp` varchar(8) DEFAULT NULL,
  `created_at` timestamp NULL DEFAULT NULL,
  `updated_at` timestamp NULL DEFAULT NULL,
  `role` varchar(255) NOT NULL DEFAULT 'user',
  `status` int(11) NOT NULL DEFAULT 1,
  `google_id` varchar(255) DEFAULT NULL,
  `facebook_id` varchar(255) DEFAULT NULL
) ENGINE=InnoDB DEFAULT CHARSET=utf8mb4 COLLATE=utf8mb4_unicode_ci;

--
-- Dumping data for table `users`
--

INSERT INTO `users` (`id`, `first_name`, `last_name`, `phone`, `dob`, `profile_image`, `email`, `email_verified_at`, `password`, `device_token`, `remember_token`, `otp`, `created_at`, `updated_at`, `role`, `status`, `google_id`, `facebook_id`) VALUES
(63, 'Aashish', 'Singh', '9930699476', '1990/13/03', 'https://images.unsplash.com/photo-1572635148687-307f8ca9b737?ixlib=rb-4.0.3&ixid=MnwxMjA3fDB8MHxwaG90by1wYWdlfHx8fGVufDB8fHx8&auto=format&fit=crop&w=1528&q=80', 'aashishsingh.quantumit@gmail.com', NULL, '$2y$10$vt/Kb9IPCJf5H3yL/mMq6O8387DNAcE2PmyBkBCbJ8TCAMFinGxvC', 'cnTWn3d3TuGDMj3De7uCZg:APA91bFgSOSMZj2mMM9jtdxRIyKl5wecRsSvsXFZlsLoOW_ZfRKUDW_EnvAXwfmUPgmXkk4Y708IWvgWh6bfNJVFM8SKgY4eakxQ7CpKaY43q3UBvm66RSSvg4mZFlSUodJdy8HN7T4P', NULL, NULL, '2023-03-17 18:12:50', '2023-08-01 02:35:43', 'user', 0, NULL, NULL),
(64, 'Admin', 'Admin', NULL, NULL, 'https://cdn.pixabay.com/photo/2015/10/05/22/37/blank-profile-picture-973460__340.png', 'admin@admin.com', NULL, '$2y$10$2FOTM4b30gFE69eX7FDyMunmygA04t5DrRFE0DnuK/G28ELPZUtpu', NULL, NULL, NULL, NULL, NULL, 'admin', 1, NULL, NULL),
(65, 'ashutosh', 'chauhan', '8468621900', '2001/11/11', 'https://cdn.pixabay.com/photo/2015/10/05/22/37/blank-profile-picture-973460__340.png', 'aashutosh.quantum@gmail.com', NULL, '$2y$10$6IdYAD3w7lz9GgPB0NiLsu/SfGhCpONifsqImwfDZvv6qRahPicVy', 'c-_WepEFQCOO_AYVD1gZl1:APA91bEI3vdLHrm1_tfJa_o3DUcosG3ciAfVE-U7VK_f-qWTVx56P_lxDhN6SBsc3WgdD-6HeIopp27rkH4FKMIv2ReDotw4pG13d-xQYr1a-i1uLHn05--hL5zYgdm1XwNNjAM2LtDy', NULL, NULL, '2023-03-20 20:57:39', '2023-05-19 06:19:43', 'user', 1, NULL, NULL),
(67, 'Charles', 'Tutor', '7895707093', '1997/12/26', 'https://cdn.pixabay.com/photo/2015/10/05/22/37/blank-profile-picture-973460__340.png', 'utsavratan@gmail.com', NULL, '$2y$10$GwBfsOeK5iRCJC5IkpyLq.kli9hCkCkvH0NDirOc2B5b/WrSMHN4m', 'cRWYeKvIR9eGFbmlJYWBNF:APA91bGauU7K3KuYPlK_8iM3MtoaurW47p741D-WEJOxY2tF5mEDszNgiNAiJ5_WSde5EEPesiUzEbnmGgBvWcD3AZdOkPZepA6KJCqCnlQXOGFv2Aw6udQih5FbjCdzpDVwRvQZObab', NULL, NULL, '2023-03-20 21:18:21', '2023-03-20 21:18:21', 'user', 1, NULL, NULL),
(68, 'Suraj', 'Shukla', '6392855173', '27/12/2001', 'https://quantumit.online/Zoom_scholar/public/user/1682422087.png', '098suraj@gmail.com', NULL, '$2y$10$oUq7.Ahrqs1z7JabRMnKieTBCZF/j1uJ9nI9wQs.R2CMEUZog0JiK', NULL, NULL, '0618', '2023-03-21 10:42:54', '2024-01-03 23:20:44', 'user', 1, NULL, NULL),
(69, 'Rajat', 'khoware', '6260002320', '2002/03/03', 'https://cdn.pixabay.com/photo/2015/10/05/22/37/blank-profile-picture-973460__340.png', 'rajatkkhoware2002@gmail.com', NULL, '$2y$10$1s.oKdfO34QrKJfwwBru4eVFu1r7.54NUjnmFlrJs/DlYmOdTndVe', NULL, NULL, NULL, '2023-03-22 14:43:05', '2023-03-22 14:44:31', 'user', 1, NULL, NULL),
(70, 'test', 'test', '9900666666', '2000/02/02', 'https://cdn.pixabay.com/photo/2015/10/05/22/37/blank-profile-picture-973460__340.png', 'test123@gmail.com', NULL, '$2y$10$g/1VudPaYQOrE/Q8N8X9EOFx95q1CWtAEapBdW/QQbfgQeo/MB8me', 'fAbj7yZ5S_2ea16_KdSsbP:APA91bFGX_dKrcmPMgX15QgmHTouSayts3t8wb9mUk0BS_08UQA365A4xLe60E4UMYAcSoe5B8XN9gXKBeKq2YLGoiSbtFdylF-Ly27GRt0-7YfKmsgK-FeV01ydLFFMpb1VN1PJrKaw', NULL, NULL, '2023-03-23 18:22:15', '2023-03-23 18:22:15', 'user', 1, NULL, NULL),
(71, 'suraj', 'shukla', '6392855176', '2000/12/27', 'https://cdn.pixabay.com/photo/2015/10/05/22/37/blank-profile-picture-973460__340.png', 'ajayshukla@gmail.com', NULL, '$2y$10$XKDvGFUQS5UiJUrQUwix2OMWltkWyCxJwEpArZZPennnTuopSR6C2', NULL, NULL, NULL, '2023-03-24 11:03:33', '2023-03-24 11:05:43', 'user', 1, NULL, NULL),
(72, 'ajay', 'shukla', '6392858176', '2000/12/27', 'https://cdn.pixabay.com/photo/2015/10/05/22/37/blank-profile-picture-973460__340.png', 'ajayshukla098@gmail.com', NULL, '$2y$10$ov0j4JrBMIykOl9.eaL/7uQP.jPEJGJ9r.oxHw8GK6rDYx.klGWBe', 'fynblbUdReeEDe8yImFrZE:APA91bGcHwuyqknj1yCwuYs_VgV9GXhy5rPl50WM2Zwo591a-Gi4KnBp5mG-IZ-j-_eX2ghf3HxfnBvw7H2Riy2tpSQzNYxDlRmsxFCVPssQXEx37z-4iAsQlpwaI35Aig98589Pvxwo', NULL, NULL, '2023-03-24 11:06:36', '2023-03-24 11:06:36', 'user', 1, NULL, NULL),
(74, 'Nishant', 'Singh', '6385244172', '2000/12/12', 'https://cdn.pixabay.com/photo/2015/10/05/22/37/blank-profile-picture-973460__340.png', 'nishatsingh@gmail.com', NULL, '$2y$10$7eVToWnshP31ZpVeachXZ.o2aVeDZTZIIrppcFiBV/SSpMFctORgG', NULL, NULL, NULL, '2023-03-24 11:23:30', '2023-03-24 11:23:54', 'user', 1, NULL, NULL),
(75, 'nishant', 'shukla', '6958277145', '2000/12/01', 'https://cdn.pixabay.com/photo/2015/10/05/22/37/blank-profile-picture-973460__340.png', 'nishantshukla12345@gmail.com', NULL, '$2y$10$7Hs.bV/HF65oCA38iuNs3.hDXhuAPoM4Hpw41VDqbbKRgwEfr968y', NULL, NULL, NULL, '2023-03-24 11:24:46', '2023-03-25 00:16:13', 'user', 1, NULL, NULL),
(76, 'utsav', 'goyal', '7060704671', '1997/12/26', 'https://cdn.pixabay.com/photo/2015/10/05/22/37/blank-profile-picture-973460__340.png', 'utsavratttan@gmail.com', NULL, '$2y$10$88ceqB.Gubn2Y7tQivsBju4JJkUvR5zUtNv05EuZf0OFvGYTHZCSW', 'flvHQ-BDTCCW1_SohN9IYi:APA91bESb9Svt84GY5MTHsyrBnUGDEZurbTgXcNaG9jXqDy0yYM7qg0AQKC6MqI0xAPJej_eydWiN2Sxwi0MZKMJME3dRJTlYiXx71gESMvi7AK5llrs3KkwYbbx9U5tyyfo0PolIpcI', NULL, NULL, '2023-03-24 11:44:48', '2023-03-24 11:44:48', 'user', 1, NULL, NULL),
(77, 'Saurabh', 'kumbhar', '7769889013', '1998/07/27', 'https://quantumit.online/Zoom_scholar/public/user/1680698070.jpg', 'rasetiy643@necktai.com', NULL, '$2y$10$nMzyalnFyukKxLGRfIoTIuKY8oR69H.rPIq1M2e6HrPGRfWtm9LHm', 'edR32g8cTXioxzpfV_zyDC:APA91bFkQSoVl33K0DkH292GcANmx2Fv3Tzumw7pSsGO_UaUi2CG1SmNU6Rp0gBzrYll8CF7To_v1Mu062UZMKBbKB0OPFOZ85kxrt_jfoDMfqjAj8gWqa6K5wA2Zr2cME8yLzzZzDjC', NULL, '1490', '2023-03-24 15:34:05', '2023-04-22 01:05:05', 'user', 1, NULL, NULL),
(78, 'Saurabh', 'kumbharr', '7769889014', '1998/07/27', 'https://cdn.pixabay.com/photo/2015/10/05/22/37/blank-profile-picture-973460__340.png', 'saurabhkumbhar187@gmail.com', NULL, '$2y$10$0qBXdu7VSAYFu8.PQc3QZuS0TD7dhWOQeKq8pNOoza8T3ROueAcge', NULL, NULL, '2992', '2023-03-27 18:46:33', '2023-04-13 08:28:03', 'user', 1, NULL, NULL),
(79, 'Saurabh', 'kumbhar', '7769889012', '1998/07/29', 'https://quantumit.online/Zoom_scholar/public/user/1681363539.jpg', 'saurabh187.quantumitinnovation@gmail.com', NULL, '$2y$10$0DEkJS55M.mdVqxKUPwIvuTKZnvKOVmVl/61U7cmebTsEhwfnWtXC', NULL, NULL, '9583', '2023-03-27 18:48:17', '2023-04-21 23:34:23', 'user', 1, NULL, NULL),
(80, 'Saurabh', 'kk', '7769889022', '1998/07/29', 'https://cdn.pixabay.com/photo/2015/10/05/22/37/blank-profile-picture-973460__340.png', 'xopepep522@mitigado.com', NULL, '$2y$10$kAWhd//ZDuYxIYrYUFQ1d.oK7zLcwuEWLv6/QMjz.YYbFZA6UQCyi', 'dQQ63juKQ8mn09kjtzg3bE:APA91bF88N-aVzIgslhh4WcJXa1mQt34uDRfUzaijEMdg_EpToO__bkKQaxE81pw0cO15wQqcqYG1b_aeHiB2ers8RPie89M_x_KS2_xE6C9sxtTSh0Tc9AoBivUyPR36xAHd1CcHI-a', NULL, NULL, '2023-03-29 12:55:29', '2023-03-29 12:55:29', 'user', 1, NULL, NULL),
(81, 'dgg', 'fg', '7769889065', '1998/07/29', 'https://cdn.pixabay.com/photo/2015/10/05/22/37/blank-profile-picture-973460__340.png', 'kekocex267@fectode.com', NULL, '$2y$10$GLlITWTHLfb4rL0a.PloHOyLl3dt7hC/DbujUFhd0XM8tUOWD4/NS', 'dQQ63juKQ8mn09kjtzg3bE:APA91bF88N-aVzIgslhh4WcJXa1mQt34uDRfUzaijEMdg_EpToO__bkKQaxE81pw0cO15wQqcqYG1b_aeHiB2ers8RPie89M_x_KS2_xE6C9sxtTSh0Tc9AoBivUyPR36xAHd1CcHI-a', NULL, NULL, '2023-03-29 12:58:51', '2023-03-29 12:58:51', 'user', 1, NULL, NULL),
(82, 'Abhinav', 'saxena', '6392588172', '2000/12/27', 'https://cdn.pixabay.com/photo/2015/10/05/22/37/blank-profile-picture-973460__340.png', 'abhinavsaxena@gmail.com', NULL, '$2y$10$v31aQUd21ujUNX.qyBxjfONoZoVys9Fx3Pqe5xileZwjM0vxqfDbC', NULL, NULL, NULL, '2023-03-29 13:08:02', '2023-03-29 13:20:30', 'user', 1, NULL, NULL),
(83, 'tejash', 'seth', '6395822146', '2000/12/27', 'https://cdn.pixabay.com/photo/2015/10/05/22/37/blank-profile-picture-973460__340.png', 'tejash@gmail.com', NULL, '$2y$10$lr9tvjlAHCuCVMaU2yP21OPYOwNCDUMfgTVrD86YJtumsXd/9OORu', NULL, NULL, NULL, '2023-03-29 13:30:02', '2023-03-29 13:51:25', 'user', 1, NULL, NULL),
(84, 'kalesh', 'Singh', '6395844172', '2000/12/27', 'https://cdn.pixabay.com/photo/2015/10/05/22/37/blank-profile-picture-973460__340.png', 'kalesh@gmail.com', NULL, '$2y$10$iWVukCjMyBs6H1aY8RjIROkR8qu82HSt0USlpPUEb0c55iN42D9gu', NULL, NULL, NULL, '2023-03-29 13:52:05', '2023-03-29 13:54:02', 'user', 1, NULL, NULL),
(85, 'lakesh', 'singh', '6392855612', '2000/12/29', 'https://cdn.pixabay.com/photo/2015/10/05/22/37/blank-profile-picture-973460__340.png', 'lakesh@gmail.com', NULL, '$2y$10$Pc4r34im/6W77FuWOplr9e6FXrPWeFy09eN.Wk8nO1D5mQaQowmiG', NULL, NULL, NULL, '2023-03-29 13:57:32', '2023-03-29 15:21:39', 'user', 1, NULL, NULL),
(86, 'jyoti', 'Ojha', '6395844612', '2000/12/27', 'https://cdn.pixabay.com/photo/2015/10/05/22/37/blank-profile-picture-973460__340.png', 'jyoti@gmail.com', NULL, '$2y$10$oBGBOMRBSUBO.eyV8WIlSek93lhCdIwj8ByR.GWKJlcxuTAoOihXW', NULL, NULL, NULL, '2023-03-29 15:23:31', '2023-03-29 15:35:56', 'user', 1, NULL, NULL),
(87, 'ajay', 'shukla', '6395866172', '2000/12/27', 'https://cdn.pixabay.com/photo/2015/10/05/22/37/blank-profile-picture-973460__340.png', 'ajayshu@gmail.com', NULL, '$2y$10$z/I4Ygx1CTsUtnqfRwEDBeRgLLCeXa.Jkb1S2v/zoumaQrJol6H6W', NULL, NULL, NULL, '2023-03-29 15:37:02', '2023-03-29 15:49:31', 'user', 1, NULL, NULL),
(88, 'vivek', 'kumar', '6947855614', '2000/12/27', 'https://cdn.pixabay.com/photo/2015/10/05/22/37/blank-profile-picture-973460__340.png', 'vievekkumar@gmail.com', NULL, '$2y$10$CCCmPYlf324WivH8KbnaLOqzRtkII7g6QmxVxbUijWJgrd..5zxqi', NULL, NULL, NULL, '2023-03-29 15:50:16', '2023-03-29 16:26:16', 'user', 1, NULL, NULL),
(89, 'shs', 'hhs', '1234567897', '2000/01/22', 'https://cdn.pixabay.com/photo/2015/10/05/22/37/blank-profile-picture-973460__340.png', 'shsjja@gmail.com', NULL, '$2y$10$H8q9EZgRZ16JyN/sm4EmVezsCqyaxz7w2NrHCUTv8w6U8Tv3WzrCe', 'dR_JBnIaQWaR5Km3Ak5ZA5:APA91bFLYkIzhaYZA6iVwBFh4-K0Uh2dTemttcBsrL6AYAPatUiIIKVBrkfQ37Bs-xRU2bSkeOWJzkSX9AnHaXLb4atyiEFQi-2TDkcoJTR2PcJi8zfi9pkhrJc8XJMKxzURQGY3R6fX', NULL, NULL, '2023-03-29 17:20:25', '2023-03-29 17:20:25', 'user', 1, NULL, NULL),
(90, 'ishu', 'goyal', '9411905110', '1997/12/26', 'https://cdn.pixabay.com/photo/2015/10/05/22/37/blank-profile-picture-973460__340.png', 'ishu@gmail.com', NULL, '$2y$10$xJPYxxHiuPaxmPsUCQsHMevnFPQ6mECFJAWcWMJz6dNSSMIfdVkfO', 'dQWGRmmvRnOWHfjDq5S07F:APA91bGGv1ox66pTqEYGD4Y10QguZyRx3FA8hPvBiWSbAzrsbsEiZO36jZh1Ttg1h4mAbQfiSmUWn4Yogwo6zzJsB9kbwtEwNgSi-muVLGyxQxq7rpsOscTJdgpHJR_07RGlDnfpgYO7', NULL, NULL, '2023-03-30 10:34:35', '2023-03-30 10:34:35', 'user', 1, NULL, NULL),
(92, 'vvb', 'cfg', '5753884389', '2000/8/8', 'https://cdn.pixabay.com/photo/2015/10/05/22/37/blank-profile-picture-973460__340.png', 'cvbg@gmail.com', NULL, '$2y$10$Ivc19TVOETW6qzOKLu21GOsOSjGLXbFZUCedvVTV1JgPBsMQ1GqIe', 'd-quZU7tQOGX6SUAwErd91:APA91bED7SuenBJminund5Ps42HjMjsQakhj0SC-Vo-lO5UH4NNcl8-KqOwl2ubWztoHm5WL8otx_EDhiTJc0ICv1uLCq9pPF4Xskmw0uJ1V9Z20wdEN81ot2uUqfIIoD8gTrjbz1BuS', NULL, NULL, '2023-03-30 15:01:02', '2023-03-30 15:01:02', 'user', 1, NULL, NULL),
(93, 'uju', 'hhh', '7(', '1998/08/08', 'https://cdn.pixabay.com/photo/2015/10/05/22/37/blank-profile-picture-973460__340.png', 'sahjx@gmail.com', NULL, '$2y$10$bFFWJmSXV4GAWozRwk9mOuJ/QU1dCV3/DDwbB.7ePBNN/Q42nYj6.', 'd-quZU7tQOGX6SUAwErd91:APA91bED7SuenBJminund5Ps42HjMjsQakhj0SC-Vo-lO5UH4NNcl8-KqOwl2ubWztoHm5WL8otx_EDhiTJc0ICv1uLCq9pPF4Xskmw0uJ1V9Z20wdEN81ot2uUqfIIoD8gTrjbz1BuS', NULL, NULL, '2023-03-30 15:10:21', '2023-03-30 15:10:21', 'user', 1, NULL, NULL),
(94, 'Ashu', 'Singh', '8468621908', '2001/11/11', 'https://quantumit.online/Zoom_scholar/public/user/1680193504.jpg', 'ashutoshchauhan129@gmail.com', NULL, '$2y$10$AyxmTXQjGnPau0dDpLZaOuRiiykaGRZIfhEPXdKr/A.3rbRfkMy2S', NULL, NULL, NULL, '2023-03-30 17:03:46', '2023-07-13 18:36:00', 'user', 1, NULL, NULL),
(95, 'Sachin', 'Mishra', '1234567890', '2000/12/20', 'https://cdn.pixabay.com/photo/2015/10/05/22/37/blank-profile-picture-973460__340.png', 'mishrasachin@gmail.com', NULL, '$2y$10$hq797O0pLhsDUfs2Up5q3.VTmXFhvsgMY8PfI2C0IcbSVxNOeUB2S', 'cJVm1wZfQJqVYzbWqmjts1:APA91bHazKgKLo72u-O8s9dfU1heY96wGNnKLq2STrd7AMVYMyHXAYQuFcchWAJNM4UZTo6W7VOsPurwRGk7tx1fwnXJqvEGkA2Edjt-646kSHn3TykU3sXUcEpyyaPEuCuhJ1TYQTNF', NULL, NULL, '2023-04-01 10:34:43', '2023-04-01 10:34:43', 'user', 1, NULL, NULL),
(96, 'Zoom', 'App', NULL, NULL, 'https://cdn.pixabay.com/photo/2015/10/05/22/37/blank-profile-picture-973460__340.png', 'zoomappcharles@gmail.com', NULL, 'i5NT4AuN', '1234', NULL, NULL, '2023-04-05 02:32:15', '2023-04-05 02:46:14', 'user', 1, NULL, NULL),
(97, 'JORE', 'MORENO', NULL, NULL, 'https://cdn.pixabay.com/photo/2015/10/05/22/37/blank-profile-picture-973460__340.png', 'jore.kuubs@gmail.com', NULL, '$2y$10$IAhS/ZVXnoIpoAYxHsDlnO90f9zbQ9HysVUYnf6OYM54ZDWk1pKK.', '1234', NULL, NULL, '2023-04-05 16:03:47', '2023-04-05 16:03:47', 'user', 1, NULL, NULL),
(98, 'ashutosh', 'chauhan', NULL, NULL, 'https://cdn.pixabay.com/photo/2015/10/05/22/37/blank-profile-picture-973460__340.png', 'ashutosh.chauhan@acem.edu.in', NULL, '$2y$10$mox70dZl8UMt89iljFZtV.DjMC3ezxbnokGypKdgvMQN1TSLtQL46', 'eyJhbGciOiJSUzI1NiIsImtpZCI6ImFjZGEzNjBmYjM2Y2QxNWZmODNhZjgzZTE3M2Y0N2ZmYzM2ZDExMWMiLCJ0eXAiOiJKV1QifQ.eyJpc3MiOiJodHRwczovL2FjY291bnRzLmdvb2dsZS5jb20iLCJhenAiOiIzNzY0ODExODc3OTctZ3F0NWhxN2U5cTA0Y2V2ZmRpbXI2OXU4NGkyNHRtc2YuYXBwcy5nb29nbGV1c2VyY29udGVudC5jb20iLCJhdWQiOiIzNzY0ODExODc3OTctbTVma2hjbXU1cmhlbGI0M3ZkbXBqZ2YwcDZzbWpiaTkuYXBwcy5nb29nbGV1c2VyY29udGVudC5jb20iLCJzdWIiOiIxMDA1NDU2ODcxMjU5OTA5MzUwNTkiLCJoZCI6ImFjZW0uZWR1LmluIiwiZW1haWwiOiJhc2h1dG9zaC5jaGF1aGFuQGFjZW0uZWR1LmluIiwiZW1haWxfdmVyaWZpZWQiOnRydWUsIm5hbWUiOiJhc2h1dG9zaCBjaGF1aGFuIiwicGljdHVyZSI6Imh0dHBzOi8vbGgzLmdvb2dsZXVzZXJjb250ZW50LmNvbS9hL0FHTm15eFp5WE91QlpDaEZkeC1ub2Z0TEdVek1uRkNfT1h2Smwwd0VZcXZtSkE9czk2LWMiLCJnaXZlbl9uYW1lIjoiYXNodXRvc2giLCJmYW1pbHlfbmFtZSI6ImNoYXVoYW4iLCJsb2NhbGUiOiJlbiIsImlhdCI6MTY4MDc2OTQxNSwiZXhwIjoxNjgwNzczMDE1fQ.iQbj66bhmezXzdjHo7eyIporAXbGI9r_u8L8OOSpjMJV_6l84t2DqM3NehNBMO_W_Z1rQbNoOnguOi6HhmKo3oCsBsobNfSMIfA60tSHX5OSJnmEEuyltj91YJWafNa-GnPH73ng9MhUCoM9kSUIWrtfCTSm_e_UFlaZw5FmS4Bf0at65ipwuVrA3-e78fQ1zSSlBvWx1zl9kmtbNTNrUSu4J5-CH9FjQOlrAipWMjTneqjYSWRBZihkENKZ2SXOk7VPtE0eVwymDkcv3lxBXVAVbVN6a2iRFa2CmS9zAekFd7AFgNABX1qUtkSB5hJelRVs2P6cTryDCPIih22qTA', NULL, NULL, '2023-04-06 15:23:38', '2023-04-06 15:23:38', 'user', 1, NULL, NULL),
(99, 'fgh', 'xxx', '7769880034', '1998/07/29', 'https://cdn.pixabay.com/photo/2015/10/05/22/37/blank-profile-picture-973460__340.png', 'sadghg@gmail.com', NULL, '$2y$10$v91Ya0RTgHD9we57bKImeeuhTwvbE0OMyOOOPsrCmaeCO9lv0jBGO', 'd9Br2YO3RkSSEBIoAVCnvw:APA91bHD3oYBwkIxeIBMunF0i_haxvJoqeqyRPyjzUYYNGqUHESfP6KoFUqSsRv9ZndKZdO7nCYFCWWgNYdtf5eQD4K2msAmHIF7l_sTsg1ePdF26tGWvc6Unbbbrm9DT75KUx5kTsKP', NULL, NULL, '2023-04-12 13:13:20', '2023-04-12 13:13:20', 'user', 1, NULL, NULL),
(100, 'Vicky', 'Singleton', NULL, NULL, 'https://cdn.pixabay.com/photo/2015/10/05/22/37/blank-profile-picture-973460__340.png', 'vickysingleton.61523@gmail.com', NULL, '$2y$10$FO8Wkygdj1fX9h0u28VzI.EO0zYNZgXkf/G3J26N1lPocVY9.1n6W', 'eyJhbGciOiJSUzI1NiIsImtpZCI6Ijk2OTcxODA4Nzk2ODI5YTk3MmU3OWE5ZDFhOWZmZjExY2Q2MWIxZTMiLCJ0eXAiOiJKV1QifQ.eyJpc3MiOiJodHRwczovL2FjY291bnRzLmdvb2dsZS5jb20iLCJhenAiOiIzNzY0ODExODc3OTctZ3F0NWhxN2U5cTA0Y2V2ZmRpbXI2OXU4NGkyNHRtc2YuYXBwcy5nb29nbGV1c2VyY29udGVudC5jb20iLCJhdWQiOiIzNzY0ODExODc3OTctbTVma2hjbXU1cmhlbGI0M3ZkbXBqZ2YwcDZzbWpiaTkuYXBwcy5nb29nbGV1c2VyY29udGVudC5jb20iLCJzdWIiOiIxMDk2NzI2MTQ3ODM0MjI2NjA1OTgiLCJlbWFpbCI6InZpY2t5c2luZ2xldG9uLjYxNTIzQGdtYWlsLmNvbSIsImVtYWlsX3ZlcmlmaWVkIjp0cnVlLCJuYW1lIjoiVmlja3kgU2luZ2xldG9uIiwicGljdHVyZSI6Imh0dHBzOi8vbGgzLmdvb2dsZXVzZXJjb250ZW50LmNvbS9hL0FHTm15eGFFcGxkU3FwbDk2TkU5SHFENzNHYVoxaE4tX0NjVzdGbjlyQmhTPXM5Ni1jIiwiZ2l2ZW5fbmFtZSI6IlZpY2t5IiwiZmFtaWx5X25hbWUiOiJTaW5nbGV0b24iLCJsb2NhbGUiOiJlbiIsImlhdCI6MTY4MTQwMzg2OCwiZXhwIjoxNjgxNDA3NDY4fQ.H9BnpDhmpfvtPt90nIspfuQ9Cs6mvsWmZf4tGKBLX4kgnwXzA5TTcCuha3ffHD5rcyRhJZfghU_IV1R84tQ-StkHmx4wrpVpB_fu8sqZENpWluxI9LeJgrxKpMihTYjZjN_3aih2cdio6USuM7xpkHQkQnXPMKW7OS2YJE3cwOSooRuTQ_9k7JK0Iqtr98LrLjDTP8bjMVOTn9-lq433bjO1Ob2sVO5o4l6vOemOkYdAK7OkeRbLzs2duM5Yfip7OCSBh88jx7bFnqXaFRXFCNS6zMaOECQraAVfpsUgw5KYW8u_nJ4hOX4MDY0b0GiDK6byMlPNUmMB9mMB_Pd5Fg', NULL, NULL, '2023-04-13 23:37:52', '2023-04-13 23:37:52', 'user', 1, NULL, NULL),
(101, 'abhay', 'lama', NULL, NULL, 'https://cdn.pixabay.com/photo/2015/10/05/22/37/blank-profile-picture-973460__340.png', 'abhaylama299@gmail.com', NULL, '$2y$10$J71y5zrnq0Ulkigvc5Dsqu/jGwqYuWQKiEQA5GYpQ0f3onYzJiC8m', 'eyJhbGciOiJSUzI1NiIsImtpZCI6Ijk2OTcxODA4Nzk2ODI5YTk3MmU3OWE5ZDFhOWZmZjExY2Q2MWIxZTMiLCJ0eXAiOiJKV1QifQ.eyJpc3MiOiJodHRwczovL2FjY291bnRzLmdvb2dsZS5jb20iLCJhenAiOiIzNzY0ODExODc3OTctZ3F0NWhxN2U5cTA0Y2V2ZmRpbXI2OXU4NGkyNHRtc2YuYXBwcy5nb29nbGV1c2VyY29udGVudC5jb20iLCJhdWQiOiIzNzY0ODExODc3OTctbTVma2hjbXU1cmhlbGI0M3ZkbXBqZ2YwcDZzbWpiaTkuYXBwcy5nb29nbGV1c2VyY29udGVudC5jb20iLCJzdWIiOiIxMDU2NDAwMDE4NzM4MjA2NjIwMzkiLCJlbWFpbCI6ImFiaGF5bGFtYTI5OUBnbWFpbC5jb20iLCJlbWFpbF92ZXJpZmllZCI6dHJ1ZSwibmFtZSI6ImFiaGF5IGxhbWEiLCJwaWN0dXJlIjoiaHR0cHM6Ly9saDMuZ29vZ2xldXNlcmNvbnRlbnQuY29tL2EvQUdObXl4YlRoamtkWWhwSTloVmpLaFZYSjc4X0liN0lyT0xxMG5OYWM4eFdmUT1zOTYtYyIsImdpdmVuX25hbWUiOiJhYmhheSIsImZhbWlseV9uYW1lIjoibGFtYSIsImxvY2FsZSI6ImVuLUdCIiwiaWF0IjoxNjgxNDQ4MDE0LCJleHAiOjE2ODE0NTE2MTR9.JC3ld-jaqHvoOPR54caISa6zQy9mHgFQKU_HBPngXHFTJtV0qWsiUCPX1rWxv16yxyIjoVY-6_ZxzLiO9KTvWWIAVpHSo5agI75tGs5eDnINgIyErT8_tJ8XwEVsMVuc3RcCc9B0PNkM5I__E5Y0yny8I4jj87FwYSuGROiJHIlDHbUejQhRTAz8bVM48l2gCgWTtHICmBFH3r0qAWEJAcRXvDfamS8Lm1zPr-zDcVoGmvQ0DlM3lasc_DRVTy9Rf38K72lKNSm05-JeB-lfpuY0RkRx6UR70MHHx3F0km6ZKm1Zn3vjMRHyUhwAwtaGpvUlXdr0MqLyHfPUKVNKng', NULL, NULL, '2023-04-14 11:53:41', '2023-04-14 11:53:41', 'user', 1, NULL, NULL),
(102, 'Srishti', 'Rawat', NULL, NULL, 'https://cdn.pixabay.com/photo/2015/10/05/22/37/blank-profile-picture-973460__340.png', 'sristhi.rawat2008@gmail.com', NULL, '$2y$10$c9UbKbsAfn.H8gh8jw28WOcambw0NGUJlgElCd9DplB2LaJNTsfv2', 'eyJhbGciOiJSUzI1NiIsImtpZCI6Ijk2OTcxODA4Nzk2ODI5YTk3MmU3OWE5ZDFhOWZmZjExY2Q2MWIxZTMiLCJ0eXAiOiJKV1QifQ.eyJpc3MiOiJodHRwczovL2FjY291bnRzLmdvb2dsZS5jb20iLCJhenAiOiIzNzY0ODExODc3OTctZ3F0NWhxN2U5cTA0Y2V2ZmRpbXI2OXU4NGkyNHRtc2YuYXBwcy5nb29nbGV1c2VyY29udGVudC5jb20iLCJhdWQiOiIzNzY0ODExODc3OTctbTVma2hjbXU1cmhlbGI0M3ZkbXBqZ2YwcDZzbWpiaTkuYXBwcy5nb29nbGV1c2VyY29udGVudC5jb20iLCJzdWIiOiIxMDI4OTYxODU4NzM2NzYzNTI4MzAiLCJlbWFpbCI6InNyaXN0aGkucmF3YXQyMDA4QGdtYWlsLmNvbSIsImVtYWlsX3ZlcmlmaWVkIjp0cnVlLCJuYW1lIjoiU3Jpc2h0aSBSYXdhdCIsInBpY3R1cmUiOiJodHRwczovL2xoMy5nb29nbGV1c2VyY29udGVudC5jb20vYS9BR05teXhaazYxczlZMHdpbmxmWElOT2xkMWtJeWpocEg3TVRGUVp4c1htUz1zOTYtYyIsImdpdmVuX25hbWUiOiJTcmlzaHRpIiwiZmFtaWx5X25hbWUiOiJSYXdhdCIsImxvY2FsZSI6ImVuIiwiaWF0IjoxNjgxNDQ4MTc4LCJleHAiOjE2ODE0NTE3Nzh9.VxVKg6djVSNqlNYF8B836HXQdyMxLeYR2874UWyhhYfWiUjqbaXGNgowrg0qP3tYOLHCGKmNgBDOOebnfjkhNshoq96qwXksjXKkesbhETfSVem1dql8LOmaDH3uOu_05eXujAUYFOWKFQVCGoXlt4gf8ttBfw6JwSKREHkboV9SKWcVvEsjxEvrfrR5rUnyV0BVX2bOu4uqJO7x0B5z04iGNNcC87U8ur8HSJanU4NRH3izbs8QkBGn60nWMAVMBF7Z2b2c3omxDuWLb8FxZQlHy9BU4dyaMe5PTawzgyYp__RksFgjDi0DAa0U0MRdKn9l-ZTA1JXCWW_nZjoB_w', NULL, NULL, '2023-04-14 11:56:22', '2023-04-14 11:56:22', 'user', 1, NULL, NULL),
(103, 'Grace', 'Fusi', '6177498582', '1997/07/01', 'https://cdn.pixabay.com/photo/2015/10/05/22/37/blank-profile-picture-973460__340.png', 'gracewkluk@gmail.com', NULL, '$2y$10$exmc9h3oPshYUkvNwBRVwut9YbsLHkofuFElhqB29o0Y6bOsTVlWq', 'cw1o_x_DSFWnIP3OxNvcAj:APA91bFWbdm3bKlxbb05qZd9nrZHt3ZeMlqIH8EFTbwT7th2k7PiGRHVqUJ9x54h9MHazKg0cnlSqqYOikDpyvq1WTvwweN8eydR5AQiSY4lx3-iGlmMVvGVN3dMQN2r1N8mh_ir-H1Y', NULL, NULL, '2023-04-21 21:00:50', '2023-04-22 00:26:43', 'user', 1, NULL, NULL),
(104, 'Niranjan', 'P', '6363961610', '2000/10/02', 'https://cdn.pixabay.com/photo/2015/10/05/22/37/blank-profile-picture-973460__340.png', 'nirgandhi78807@gmail.com', NULL, '$2y$10$w3HP/5o/.IE3kzp5iTtMTuKzQCivo99mK5pgGMZ4hfsaxhco1e3r.', 'ffGAyZchRXeM7qLtFktat5:APA91bGZdCg6LUuwrj27vynSttcdtr6S_kkTHeS79HvNnuTICSEsMNCnbAK8oHX0E8xbUTQTtI2aBoLZ7xTL1y7WAcI73tmaDColp4thWBe9FfIh8xayCar1KmZCIgyolDugL4g-jCUd', NULL, NULL, '2023-04-21 22:57:56', '2023-04-21 22:57:56', 'user', 1, NULL, NULL),
(105, 'sjjs', 'jsjs', '7769889000', '1998/07/10', 'https://quantumit.online/Zoom_scholar/public/user/1682093821.jpg', 'jskksk@gmail.com', NULL, '$2y$10$6Tm78fjCF/AfKSxzR6jPpOGhjMrSF7KXQJl2bjkAzraV3kb1iFMcS', NULL, NULL, NULL, '2023-04-21 23:12:29', '2023-04-21 23:27:02', 'user', 1, NULL, NULL),
(106, 'Ajay', 'Kumar', '6392855463', '2000/12/27', 'https://cdn.pixabay.com/photo/2015/10/05/22/37/blank-profile-picture-973460__340.png', 'ajayKumar@gmail.com', NULL, '$2y$10$uRce4MnJseRvhUElsxDXse19wUJrnMyp75lCPMm6ECLuPjIjj27ya', 'em2iwPgBSUC3Ufaq1zdNU8:APA91bGQUsbhGzDZw75NpUvp6WkKi-HuQQx9CMlOiUYYeyvpfYza2giI-xD1jtgn6jE57ubmyn_y_LviBSyP6tP8knxCtMNU2oL5_BUl5a5M4XWdodpU2jij0Gw5lj5eJtE6PzlpnY_5', NULL, NULL, '2023-04-21 23:20:50', '2023-04-21 23:20:50', 'user', 1, NULL, NULL),
(107, 'km', 'nms', '7769889032', '1999/02/01', 'https://cdn.pixabay.com/photo/2015/10/05/22/37/blank-profile-picture-973460__340.png', 'ajjaja@gmail.com', NULL, '$2y$10$6PAR0hylP.WXuIPQofcD1u5irbH0Rc0qqEC5aUV2XygIDinkSf5EO', 'cla6s4mhTlCpjrY5I87OG1:APA91bEzT68WpanabPOY6jJysrFCVbmdxvfhESKND6AmcegEOOakj9hUjiZGz7Pk5XfdrBOlVfXl4qugLc7Sll7Dm1j0zJu0sSfe43pVMDWvAZBO6ZNVLhxiLlGp4sOw9R6N3nlDDzoP', NULL, NULL, '2023-04-21 23:53:23', '2023-04-22 00:51:33', 'user', 1, NULL, NULL),
(108, 'Suraj', 'Shukla', '639285546', '2000/12/27', 'https://quantumit.online/Zoom_scholar/public/user/1682097795.png', 'surajshukla@gmail.com', NULL, '$2y$10$tRGsrpsQ8tbSEvNvGqIxHO55ZNCUhTzXacXXJlxMySZbFw0WxEtgu', 'fpB4u-4LSNy-L8Frh19Xas:APA91bHsOnbfF8NlDtJS7pjSdiukUbbrXbXEpr0MeaeM7RKbov_nL8BKjCeykayV2JyahXV_ZojDtiRI23e3eJI4g79Viw3D9Dsyv3sym2ynNBowsYbi_H8XJ-eIdyztuNdxRyppTF3w', NULL, NULL, '2023-04-22 00:12:04', '2023-04-22 00:23:15', 'user', 1, NULL, NULL),
(109, 'testing', 'hh', '7769889011', '1998/07/29', 'https://cdn.pixabay.com/photo/2015/10/05/22/37/blank-profile-picture-973460__340.png', 'Testing@gmail.com', NULL, '$2y$10$ldKNMZNPoP7sSvc7raKLUeITRTi3il0XCFXxCFfDYS4Qxwozy4AT2', NULL, NULL, NULL, '2023-04-25 12:38:19', '2023-04-26 18:54:52', 'user', 1, NULL, NULL),
(110, 'testing', '2', '7769889013', '1998/07/29', 'https://cdn.pixabay.com/photo/2015/10/05/22/37/blank-profile-picture-973460__340.png', 'Testing2@gmail.com', NULL, '$2y$10$CQSYM4tmhoPphVz8PbcD/.Jj/kSsd6q.7YhRu18wSjSzUx2Dj1Mfi', 'e1lGVFbZQ3iIX2izIQ0gBh:APA91bHTIEwNN4kvA48lGPKaFxZ1LXP_FT2Y330IrYey6Er8mY5Qs9VhQW30tAf9IhKhwFXYwpBw8cXCHJGwLW-VxwGv6MArbfhp5W6qCO1eic86Hn3J2d96RbDPsP7oTMsCajo5gOGg', NULL, NULL, '2023-04-25 14:41:39', '2023-04-26 18:56:25', 'user', 1, NULL, NULL),
(111, 'Ashutosh', 'Chauhan', '8468921900', '2001/11/11', 'https://cdn.pixabay.com/photo/2015/10/05/22/37/blank-profile-picture-973460__340.png', 'aashutosh.quantum@mail.com', NULL, '$2y$10$QbtHl3eHzI5hMrbwWlQMkuTbmTkawV4gFhoZKG8GVGLOdi89f9/oO', 'c-_WepEFQCOO_AYVD1gZl1:APA91bEI3vdLHrm1_tfJa_o3DUcosG3ciAfVE-U7VK_f-qWTVx56P_lxDhN6SBsc3WgdD-6HeIopp27rkH4FKMIv2ReDotw4pG13d-xQYr1a-i1uLHn05--hL5zYgdm1XwNNjAM2LtDy', NULL, NULL, '2023-05-19 08:01:34', '2023-05-19 08:01:34', 'user', 1, NULL, NULL),
(112, 'quantum', 'it', '456883158', '2002/03/06', 'https://cdn.pixabay.com/photo/2015/10/05/22/37/blank-profile-picture-973460__340.png', 'garvita@gmail.com', NULL, '$2y$10$m2r00YIKSKKZHr4S4/RM6.y6n5LFchGQJF.y/w388/xC08.XkKyWO', 'dx-eZ9RRP_QRXiqF4-pTTCQgq:APA91bGNSJ1GM6v9z0Lt1RcLMlqsIcGWA0np23Ps1moNBpTwubUyvTMCMFDMFmwdPRWm_IW2SsFi9acMrYOkLgR6N_o5UordwaECs1CQ5Frly1sk0uLC26hAaS4mj28s8ao46RAhxQfs', NULL, NULL, '2023-07-05 00:36:04', '2023-07-05 00:36:04', 'user', 1, NULL, NULL),
(113, 'anubhav', 'goyal', '78956431222', '1997/12/26', 'https://cdn.pixabay.com/photo/2015/10/05/22/37/blank-profile-picture-973460__340.png', 'anubhav@gmail.com', NULL, '$2y$10$k2XW27ZO3uN4DWLnneoHXe0zJPlquOEd7bN3oQBnPVsNIcpOuonB2', 'f-lGbfY_TPOD4AQlMD-GMZ:APA91bGKaIZ83HCuOP2BJlb_YexL5rCzPBEkLf9uBRzas-r6SmQHs6UG8BLNsK0AFSRgMIA-wk9nG__fPb2pkiYTvaTj3fbHeY78NgdQcsXVDD5GqFSmmwqjIzhrrd6ziBpHpAd4kq2A', NULL, NULL, '2023-07-05 23:55:37', '2023-07-05 23:55:37', 'user', 1, NULL, NULL),
(114, 'null', 'null', 'ztsymr', 'yijyoq', 'https://cdn.pixabay.com/photo/2015/10/05/22/37/blank-profile-picture-973460__340.png', 'testmail@mail.com', NULL, '$2y$10$x9gNm2tfawLWE7MC1C5t5OWjx9h6mofzGlqgV89L1On5oqiECpV9y', 'BLACKLISTED', NULL, NULL, '2023-08-06 05:10:04', '2024-04-18 02:54:02', 'user', 1, NULL, NULL),
(115, 'Utsav', 'goyal', '7060704671', '1997/12/26', 'https://cdn.pixabay.com/photo/2015/10/05/22/37/blank-profile-picture-973460__340.png', 'utsavrattttan@gmail.com', NULL, '$2y$10$4TdE5VTaa2/k6YvulJU6WOr8QuPDCx5HzzgnVOXzSDfpog8ttxGdm', 'emhZjjIjQs-9sOXfmCWgol:APA91bEuVEqo5lTVvADg9Yr4M0EvklcmbYXDPfpMYxcDkkc5hCWFUPQdqv1lfP3oujpiKh1yjDt9x9gNfEUd3vt5U2-Vcjum3KomBzej0n7F5e-08jS1hR4MZUng4-gLicpgs4szRj4y', NULL, NULL, '2023-08-08 20:41:11', '2023-08-08 20:41:11', 'user', 1, NULL, NULL),
(116, 'zia', 'rex', '6504991851', '2000/09/01', 'https://cdn.pixabay.com/photo/2015/10/05/22/37/blank-profile-picture-973460__340.png', 'tau.ZiaRex.1645805317493@gmail.com', NULL, '$2y$10$ffd6FvLUb1OOxcZirWBljuqhTH40w6aqPIPxn7Kag8OF5hvsYR7LS', 'dTIu59JoQcGu7hkw_B6CCz:APA91bFbNbeMrn4jltRO30FbM_PR5p7mIYNKfNlXb90uSymscnFdKWRVyac9SoLWsHek9Dq7VQOApBKlvytdqEPt9LAusuwtKDcWwnO-Agsgphz55RI5CX48j7nIwqbIBR2cD7v9Amgm', NULL, NULL, '2023-09-01 15:40:18', '2023-09-01 15:54:15', 'user', 1, NULL, NULL),
(117, 'Paul', 'Brennan', '+16504486129', '1995/02/14', 'https://cdn.pixabay.com/photo/2015/10/05/22/37/blank-profile-picture-973460__340.png', 'Tau.PaulBrennan.1663860376766@gmail.com', NULL, '$2y$10$kJHg56RzWPY./WHaav0ySe0x6JYAgayJEXxjE6dl4u3DsQ9MLH1PK', 'csyJAmZzQJC7ylqHc43zHp:APA91bEh9c4d2O9pEHhuxTpoUUaMUI7urKcOMGhrZlxg8mlJtEMFIWQ1Rts6SgWKcGRmqoEsN5H9l6NIhO9kZEbuMCNFjUWgHBS_YBzJWovC6iSnPlqp3jWU83ztVLLHVlRtIk0T9ZXP', NULL, NULL, '2023-09-01 15:55:19', '2023-09-01 15:55:19', 'user', 1, NULL, NULL),
(118, 'hoskins', 'sidhu', '6504990622', '1998/09/17', 'https://cdn.pixabay.com/photo/2015/10/05/22/37/blank-profile-picture-973460__340.png', 'tau.BenGrady.1645814430194@gmail.com', NULL, '$2y$10$NY2QpAYSdzxkdxWST8YoJOviQaa2AJcIsJHIEUoiKQ437OTgRMTGe', 'cuL8DoZDT1qyVZ2ZGXmf61:APA91bEGLP-H7huT-bhirf1iOoS4CQxY9v3iha-M14ovAvNGh-J3aFPQhXDYVRiCR3PxEzbfo2ljp6X9D7Ia5FkklL518Vz-QA0XqmM6uyzV175ONKrcosp-jZacCt1DKWD2wcMgzbqc', NULL, NULL, '2023-09-01 16:17:43', '2023-09-01 16:23:32', 'user', 1, NULL, NULL),
(119, 'eli', 'sidhu', '8589874632', '1998/05/06', 'https://cdn.pixabay.com/photo/2015/10/05/22/37/blank-profile-picture-973460__340.png', 'tau.EliSidhu.1645807780515@gmail.com', NULL, '$2y$10$RlGg0GrCrn9BLan7IXFPJuGq30JzplV32I65zclyKOAo0Py2I4utW', 'eHmY481ESV6nvounN-TR08:APA91bEQiqaFnV54hRjDY4_sMi5LVu59HC50Nqr1W-AkBkERGmjGOSTVxt0NJi_aVeidXG8ITtvmUNoA3fpxUmKFUY9eUG-dNXiCZ37eo_8tECNqefP5vXgw01di1rA2uFGvDTeJIEJ1', NULL, NULL, '2023-09-01 16:52:46', '2023-09-01 16:52:46', 'user', 1, NULL, NULL),
(120, 'mosa', 'aurus', '14156345502', '1994/09/05', 'https://cdn.pixabay.com/photo/2015/10/05/22/37/blank-profile-picture-973460__340.png', 'tau.MosasaurusBr.1663860376766@gmail.com', NULL, '$2y$10$LIR6Dr66lOZcGyXWxquzUut5Y82vNCVIBAxfZF73zzlD7PxESo/I2', NULL, NULL, NULL, '2023-09-01 16:53:22', '2023-09-01 16:55:48', 'user', 1, NULL, NULL),
(121, 'fahad', 'raza', '923483262079', '1999/11/30', 'https://cdn.pixabay.com/photo/2015/10/05/22/37/blank-profile-picture-973460__340.png', 'amfahadkhan@gmail.com', NULL, '$2y$10$vCZb0nGVAB/z1U7sBpZc3./6cpNUsF/eaWaYbA.bPVOVB7NukWsdS', 'e7kkhI9YSUe8Ra4sP4tFpi:APA91bFn2pqlmNu5d6AeVpzaLq1HIPBWdaOUTZWHNMAg6qfogouj0jJvHItV43n1eQBt-zHU-t4g4TuXsJv3VV4ekLQw1ZL8UYBGOowxTTDS5ATWpvXVEIzf_AJ7cHx6N51LPlyco7Vl', NULL, NULL, '2023-09-03 03:22:58', '2023-09-03 03:22:58', 'user', 1, NULL, NULL),
(122, 'Solomon', 'Phiri', '0767257124l', '2002/01/24', 'https://quantumit.online/Zoom_scholar/public/user/1694110084.jpg', 'phirisolomon034@gmail.com', NULL, '$2y$10$OratAt7RfhDLev1oX8PCve0FhvJLt4MtfTtxgcDRNn8.xt3ZUk7pG', 'f9qtdUCPQueJlWM3OXA-5f:APA91bGz2OdtRsXF5hveh39XuDACu7kjZvNHORxCvBVPaLnvZlG-g9J7SqzEduT5VfKDCmIAjcPBO3CzoX3_tNPwzcb2SDIlMKM8HUoW_-hOGr_IUp7fsd7tSoz9m8Fq908MKQzJEeee', NULL, NULL, '2023-09-08 06:33:07', '2023-09-08 06:38:04', 'user', 1, NULL, NULL),
(123, 'scott', 'sidhu', '6502142612', '2000/03/04', 'https://cdn.pixabay.com/photo/2015/10/05/22/37/blank-profile-picture-973460__340.png', 'tau.ScottSidhu.1645807780513@gmail.com', NULL, '$2y$10$gWmqHefTcUOsmOjUvpsY1edI1B2ujBERIKyFhBVT55WTj9I48Tmre', 'fbfj3TURTrKlFfU7yL_0cP:APA91bFxPSJLL830ChBiWoedpO0W73Hu9_dLO6JQ1MIbQUEU4mJFeQL3851IOHpTZL7z5rES5bUy5BQIzXMFCRCZMOrpnwEePus_hYVQ0LS9LEB9Bitfuugm4y2p_uG_gaJjBIJWRVfP', NULL, NULL, '2023-10-03 12:01:50', '2023-10-03 12:30:44', 'user', 1, NULL, NULL),
(124, 'owen', 'grant', '6502533760', '1997/05/25', 'https://cdn.pixabay.com/photo/2015/10/05/22/37/blank-profile-picture-973460__340.png', 'tau.owengrant.1659014662196@gmail.com', NULL, '$2y$10$h47ypdyPHdgO3zgCA233cO1xgJtkBxBT4g.1e6qje6BQiZORonUmi', 'dWX_BN-tSYOK_CG4KCkbhA:APA91bGg8t-eQ7QJJf-TUot-_ioJJ7DN07BIavsaShBhkboWUP7jf-Hx6LHnFopwqX0QdUiE7extcDYjJqQqfnrlcH6_TQo8oRYqgK-sa1F12rjHhPz3nnUNhVNs_n1XJ7x3KfuHqxZY', NULL, NULL, '2023-10-03 13:12:32', '2023-10-03 13:12:32', 'user', 1, NULL, NULL),
(125, 'ajay', 'lockwood', '8582186058', '1995/08/07', 'https://cdn.pixabay.com/photo/2015/10/05/22/37/blank-profile-picture-973460__340.png', 'tau.ajaylockwood.1645822458170@gmail.com', NULL, '$2y$10$zFfVNuPhl742mpuu10hmiea0RyzEU0dPmR..Y6yc/azX0c5kJUWH2', 'deIArN6HT3-_ztER0NBxxj:APA91bFeLOq6QRePQr8ylJjRUXLEs3bqhgLVhVilDixmPVFIRl5DjzhZZ_WSiHkfB0yG7DSfTyr31bIHj-eSoIv6h2biQpV87RNM2VKAq6Dda8GBWAoGQKwHgRuAwwkrfv2kWppl15pZ', NULL, NULL, '2023-10-03 13:29:05', '2023-10-03 13:29:05', 'user', 1, NULL, NULL),
(126, 'franklim', 'lim', '8057245083', '1993/06/06', 'https://cdn.pixabay.com/photo/2015/10/05/22/37/blank-profile-picture-973460__340.png', 'tau.FranklinAlti.1645819819468@gmail.com', NULL, '$2y$10$8trvOP497Om1tzg.qNNG5.zG2kOQXOdSELF1Ei7PD./j/qj3PNdJy', 'edpICGurSauDb3_R2hf5VR:APA91bF6cDJXHrnpvTMbADDTY1A7LZZWbhSNstrGBxgbdJzC26HJKyPIU8mlLygGNdq8FwRmt3oKAd1zF76NaCOB-JwEjbnsYVwrn1GwKLsqxcJom-2kY_attuHPHlRIJkjR7zfCpPil', NULL, NULL, '2023-10-03 13:38:12', '2023-10-03 13:52:21', 'user', 1, NULL, NULL),
(127, 'gg6f6', '6f6g6gg', '6504990483', '2000/05/26', 'https://cdn.pixabay.com/photo/2015/10/05/22/37/blank-profile-picture-973460__340.png', 'tau.DieterSidhu.1645808134184@gmail.com', NULL, '$2y$10$jLXqNUMWsdSdEIR7opkN3eXcIt9sQ5xNnfb1onSl1DNzNIJfhBS3G', 'dTOXmCLTS0WkXYc3OgsxK5:APA91bH-HHQrhzpTQ2CWLayfPu41rp9CTI2QKD9jpwm4keG3UmSCvrKoApL5awhFrgdh9OSkiiQapUvWs7wB5I3nBIbOpPRRNywglmJcUMdApP1lQBoKw-PXJjnV93LQMxkZYKAQLF7O', NULL, NULL, '2023-10-03 14:05:25', '2023-10-03 14:05:25', 'user', 1, NULL, NULL),
(128, 'null', 'null', 'null', 'null', 'https://cdn.pixabay.com/photo/2015/10/05/22/37/blank-profile-picture-973460__340.png', 'tau.ajaycooper.1645825218094@gmail.com', NULL, '$2y$10$1qs6ANKHZIPlDRHspHZKyumHQQAePBQByTYONgM3eSfC8LRRQTVYi', 'fOEBg6HFRDemJDmofQohml:APA91bFxtQ_T0UyLUPoNpF46712f_qomsPZulzaA-trJuntcSejYgOUsyHK4MHfRZO7CAROIh5xmE2d1-xDxtS0LzSWx80qsWksTHSswVC6A1IdK5qiw9URYboFtWdzDrm7M6DwQnIkq', NULL, NULL, '2023-11-09 14:08:13', '2023-11-09 14:12:43', 'user', 1, NULL, NULL),
(129, 'sansa', 'stone', '4087892733', '1998/06/09', 'https://cdn.pixabay.com/photo/2015/10/05/22/37/blank-profile-picture-973460__340.png', 'tau.SansaStone.669230@gmail.com', NULL, '$2y$10$iAlWW1aIvhyDnIsAOnt./eXQWibTLOlGgtG8HhKaMHQZhDejuIB42', 'ew69AJkaS0GyUY_Lbtix6k:APA91bEgvyx6vr1WBG0dW3sO0W4uYx8Vf5jAm5-phCbeTaDMNsV8wie4eDBgWkU29ejnY5u1dTCrwq0b9sOLK5uScM5gPH-mk_dt6BtHWBOMYmKxeF0n-AYTzyYf7vyEYQNpNAIRdTym', NULL, NULL, '2023-11-09 14:15:41', '2023-11-09 14:24:02', 'user', 1, NULL, NULL),
(130, 'erik', 'tina', '9729421530', '1998/06/12', 'https://cdn.pixabay.com/photo/2015/10/05/22/37/blank-profile-picture-973460__340.png', 'tau.Johnrex.1645805317494@gmail.com', NULL, '$2y$10$7wW6Tls59mA0lhHuExahru28K2X2a0/TxtxF61AS2Jz35An7KkUkW', 'fqhEff4wS0uAuY8286tJLp:APA91bHIcF_9Y5Xp7O0m7BoKNa6PooI1HlSYqmLuLVsClPt1kyuEmW2zTVoxm76lf3tBfkToUy4U1aJQlNoAi2Bz7JrXgNf_SGv2t4cdlRogtz9zg-DSMwYCXkvNjYzd0Q1xVTaCHecb', NULL, NULL, '2023-11-09 14:30:22', '2023-11-09 14:30:22', 'user', 1, NULL, NULL),
(131, 'Proco', 'Sidhu', '6502536777', '2000/02/02', 'https://cdn.pixabay.com/photo/2015/10/05/22/37/blank-profile-picture-973460__340.png', 'tau.ProcompsogSi.1645808134186@gmail.com', NULL, '$2y$10$6EmyxCcGKpx0kGNlsynGxOtfHe5vGG1QzRcCUWYGz94yuClJfrW5m', 'eBQfc9FtT6SX_hfzDHmmhO:APA91bHdH54mu9le076o3VnCMPhlUbHtyT4Qx2BYT6J6fysaRxyfqTH-BsERIBt3PhoxVjTa4tAluGb5A5ZyJuox3gSh_nXfhipTkyV4Ly8ymPqVEuMr18Lb2sVbToDcjlmA-d99FYe2', NULL, NULL, '2023-11-09 15:14:37', '2023-11-09 15:14:37', 'user', 1, NULL, NULL),
(132, 'Hoskins', 'Grady', '(650) 253-8044', '1998/03/17', 'https://cdn.pixabay.com/photo/2015/10/05/22/37/blank-profile-picture-973460__340.png', 'tau.HoskinsGrady.1645814430191@gmail.com', NULL, '$2y$10$DfHNXbbHKvK2sdri5UyYfOcONUfYr5KiIu0MVxkcLP50JjNSISAhK', 'df0k-IKdSmCkLDjcWcrR8V:APA91bHO_o6mPfkVkHtgQdoyHSa-RQd1F3g7d20kH9Jx8MBPJgfMziilnuwgU6eMmebWZ_1tTMpVQuHnWJ-mwDVY8Rbz_k8KpR9Z8x8vF4J39ZZAj1nPRS9FYB4VkcrxTjnPs7Iq7y0z', NULL, NULL, '2023-11-09 17:18:52', '2023-11-09 17:21:39', 'user', 1, NULL, NULL),
(133, 'zara', 'sidhu', '6502148287', '1997/05/07', 'https://cdn.pixabay.com/photo/2015/10/05/22/37/blank-profile-picture-973460__340.png', 'tau.ZaraSidhu.1645807780510@gmail.com', NULL, '$2y$10$J/nhK7r3uGXfEBcxTggcX.NIHUDGyKa28vsSvzfEdSYimwZnHBtM2', 'daaWbo3aTy-2r6FdCgS9yp:APA91bHwQXZ9x_ANux10_TOux1r7cuZcWPIY2wLqZsqDqSzU-sGhdxbw8uKEdydid4Ve0d9tYhMtkuWUIJPgoot5fVS5CkevXwBR0XAT0Nx7J2XL1AHhYEsjj_K5uCc1HPyvFZcHLJGi', NULL, NULL, '2023-11-24 12:43:51', '2023-11-24 12:43:51', 'user', 1, NULL, NULL),
(134, 'Benjamin', 'grady', '13128404247', '2000/3/5', 'https://cdn.pixabay.com/photo/2015/10/05/22/37/blank-profile-picture-973460__340.png', 'tau.BenjaminGrad.1645814430190@gmail.com', NULL, '$2y$10$UFVF5qQlIzXF4A08hdi2tOCE8mlxdL7Smy1RSmC3z4.g757ncumrS', 'dKnmXmbkSVm-A-Jfwr48Tp:APA91bGI9bmkeJ30WR93BbXHmeOY3SCH1EVaTYjgZA4lfQNjt7wCZHvv6MtIAYRTHBDks4ZmvSMsfWNWVX_ZocmyxLYIJwOtl-n_YpM5nGgMuiCM96QE__gKoWwghWyKXt-ya0RK6UOD', NULL, NULL, '2023-11-24 12:47:13', '2023-11-24 12:47:13', 'user', 1, NULL, NULL),
(135, 'doctor', 'rex', '6505020283', '1991/05/24', 'https://cdn.pixabay.com/photo/2015/10/05/22/37/blank-profile-picture-973460__340.png', 'tau.doctorrex.1645805317493@gmail.com', NULL, '$2y$10$YF..4jfZHrA.rf1N/j5AL.h1eL8g99kseHsu1Fbza12.cYOvTnzd2', 'cnqLIgBNS7mzD8zN1HaSKt:APA91bFj1sdBAA_d0Gec0n0edtK-HYfnywmlID0ahMojq5MXWw0F5uB1aXOGS9IPHUS_TeyBkGoj-zGn3LFcvqsRYaldFhOSOIlU-Mcr-f0Jn2x62XXi1cUURV_gZKYe6K6wQL1qZ32t', NULL, NULL, '2023-11-24 13:26:48', '2023-11-24 13:26:48', 'user', 1, NULL, NULL),
(136, 'eddie', 'rex', '6507338045', '2000/11/01', 'https://cdn.pixabay.com/photo/2015/10/05/22/37/blank-profile-picture-973460__340.png', 'tau.EddieRex.1645805317494@gmail.com', NULL, '$2y$10$Qsk5IWrunKuFdxsGS/mRJOSLy7GMgHPxquV1oUoq8sx2YW1jfCVc.', 'd-Vs4VyvScOapxLcjl3NY_:APA91bHiAzLbcETTwUAxBKDdwA2ocdBiUiFC_wqq83J9B-nsH7n1hUzEZeNroq4t4WSW6jDXG6Cl6_lhTL9jDcT0x_SUFsPnFO4kFDVp7sjycoK_AI6Vu6mm88oRmLFf7lFrSJqZcN04', NULL, NULL, '2023-11-24 13:46:27', '2023-11-24 13:46:27', 'user', 1, NULL, NULL);

--
-- Indexes for dumped tables
--

--
-- Indexes for table `answers`
--
ALTER TABLE `answers`
  ADD PRIMARY KEY (`id`);

--
-- Indexes for table `authenticationprovider`
--
ALTER TABLE `authenticationprovider`
  ADD PRIMARY KEY (`id`);

--
-- Indexes for table `comment_replies`
--
ALTER TABLE `comment_replies`
  ADD PRIMARY KEY (`id`),
  ADD KEY `foreign_key_user_id` (`user_id`),
  ADD KEY `comment_replies_ibfk_2` (`post_comment_id`);

--
-- Indexes for table `extras`
--
ALTER TABLE `extras`
  ADD PRIMARY KEY (`id`);

--
-- Indexes for table `failed_jobs`
--
ALTER TABLE `failed_jobs`
  ADD PRIMARY KEY (`id`),
  ADD UNIQUE KEY `failed_jobs_uuid_unique` (`uuid`);

--
-- Indexes for table `interests`
--
ALTER TABLE `interests`
  ADD PRIMARY KEY (`id`);

--
-- Indexes for table `interest_user`
--
ALTER TABLE `interest_user`
  ADD PRIMARY KEY (`id`);

--
-- Indexes for table `migrations`
--
ALTER TABLE `migrations`
  ADD PRIMARY KEY (`id`);

--
-- Indexes for table `notifications`
--
ALTER TABLE `notifications`
  ADD PRIMARY KEY (`id`),
  ADD KEY `foreign_key_user_id` (`user_id`);

--
-- Indexes for table `password_resets`
--
ALTER TABLE `password_resets`
  ADD KEY `password_resets_email_index` (`email`);

--
-- Indexes for table `personal_access_tokens`
--
ALTER TABLE `personal_access_tokens`
  ADD PRIMARY KEY (`id`),
  ADD UNIQUE KEY `personal_access_tokens_token_unique` (`token`),
  ADD KEY `personal_access_tokens_tokenable_type_tokenable_id_index` (`tokenable_type`,`tokenable_id`);

--
-- Indexes for table `posts`
--
ALTER TABLE `posts`
  ADD PRIMARY KEY (`id`);
ALTER TABLE `posts` ADD FULLTEXT KEY `title` (`title`,`description`);

--
-- Indexes for table `post_comments`
--
ALTER TABLE `post_comments`
  ADD PRIMARY KEY (`id`),
  ADD KEY `post_comments_ibfk_1` (`post_id`);

--
-- Indexes for table `post_dislikes`
--
ALTER TABLE `post_dislikes`
  ADD PRIMARY KEY (`id`),
  ADD KEY `post_dislikes_ibfk_1` (`user_id`),
  ADD KEY `post_dislikes_ibfk_2` (`post_id`);

--
-- Indexes for table `post_likes`
--
ALTER TABLE `post_likes`
  ADD PRIMARY KEY (`id`),
  ADD KEY `post_likes_ibfk_1` (`user_id`),
  ADD KEY `post_likes_ibfk_2` (`post_id`);

--
-- Indexes for table `questions`
--
ALTER TABLE `questions`
  ADD PRIMARY KEY (`id`);

--
-- Indexes for table `skills`
--
ALTER TABLE `skills`
  ADD PRIMARY KEY (`id`);

--
-- Indexes for table `users`
--
ALTER TABLE `users`
  ADD PRIMARY KEY (`id`),
  ADD UNIQUE KEY `users_email_unique` (`email`);

--
-- AUTO_INCREMENT for dumped tables
--

--
-- AUTO_INCREMENT for table `answers`
--
ALTER TABLE `answers`
  MODIFY `id` int(11) NOT NULL AUTO_INCREMENT, AUTO_INCREMENT=45;

--
-- AUTO_INCREMENT for table `authenticationprovider`
--
ALTER TABLE `authenticationprovider`
  MODIFY `id` int(11) NOT NULL AUTO_INCREMENT, AUTO_INCREMENT=13;

--
-- AUTO_INCREMENT for table `comment_replies`
--
ALTER TABLE `comment_replies`
  MODIFY `id` int(11) NOT NULL AUTO_INCREMENT, AUTO_INCREMENT=20;

--
-- AUTO_INCREMENT for table `extras`
--
ALTER TABLE `extras`
  MODIFY `id` int(11) NOT NULL AUTO_INCREMENT, AUTO_INCREMENT=4;

--
-- AUTO_INCREMENT for table `failed_jobs`
--
ALTER TABLE `failed_jobs`
  MODIFY `id` bigint(20) UNSIGNED NOT NULL AUTO_INCREMENT;

--
-- AUTO_INCREMENT for table `interests`
--
ALTER TABLE `interests`
  MODIFY `id` int(11) NOT NULL AUTO_INCREMENT, AUTO_INCREMENT=17;

--
-- AUTO_INCREMENT for table `interest_user`
--
ALTER TABLE `interest_user`
  MODIFY `id` int(11) NOT NULL AUTO_INCREMENT, AUTO_INCREMENT=645;

--
-- AUTO_INCREMENT for table `migrations`
--
ALTER TABLE `migrations`
  MODIFY `id` int(10) UNSIGNED NOT NULL AUTO_INCREMENT, AUTO_INCREMENT=9;

--
-- AUTO_INCREMENT for table `notifications`
--
ALTER TABLE `notifications`
  MODIFY `id` int(11) NOT NULL AUTO_INCREMENT, AUTO_INCREMENT=258;

--
-- AUTO_INCREMENT for table `personal_access_tokens`
--
ALTER TABLE `personal_access_tokens`
  MODIFY `id` bigint(20) UNSIGNED NOT NULL AUTO_INCREMENT, AUTO_INCREMENT=293;

--
-- AUTO_INCREMENT for table `posts`
--
ALTER TABLE `posts`
  MODIFY `id` int(11) NOT NULL AUTO_INCREMENT, AUTO_INCREMENT=77;

--
-- AUTO_INCREMENT for table `post_comments`
--
ALTER TABLE `post_comments`
  MODIFY `id` int(11) NOT NULL AUTO_INCREMENT, AUTO_INCREMENT=117;

--
-- AUTO_INCREMENT for table `post_dislikes`
--
ALTER TABLE `post_dislikes`
  MODIFY `id` int(11) NOT NULL AUTO_INCREMENT, AUTO_INCREMENT=346;

--
-- AUTO_INCREMENT for table `post_likes`
--
ALTER TABLE `post_likes`
  MODIFY `id` int(11) UNSIGNED NOT NULL AUTO_INCREMENT, AUTO_INCREMENT=579;

--
-- AUTO_INCREMENT for table `questions`
--
ALTER TABLE `questions`
  MODIFY `id` int(11) NOT NULL AUTO_INCREMENT, AUTO_INCREMENT=91;

--
-- AUTO_INCREMENT for table `skills`
--
ALTER TABLE `skills`
  MODIFY `id` bigint(20) UNSIGNED NOT NULL AUTO_INCREMENT, AUTO_INCREMENT=3;

--
-- AUTO_INCREMENT for table `users`
--
ALTER TABLE `users`
  MODIFY `id` int(11) NOT NULL AUTO_INCREMENT, AUTO_INCREMENT=137;

--
-- Constraints for dumped tables
--

--
-- Constraints for table `comment_replies`
--
ALTER TABLE `comment_replies`
  ADD CONSTRAINT `comment_replies_ibfk_1` FOREIGN KEY (`user_id`) REFERENCES `users` (`id`),
  ADD CONSTRAINT `comment_replies_ibfk_2` FOREIGN KEY (`post_comment_id`) REFERENCES `post_comments` (`id`) ON DELETE CASCADE;

--
-- Constraints for table `notifications`
--
ALTER TABLE `notifications`
  ADD CONSTRAINT `notifications_ibfk_1` FOREIGN KEY (`user_id`) REFERENCES `users` (`id`);

--
-- Constraints for table `post_comments`
--
ALTER TABLE `post_comments`
  ADD CONSTRAINT `post_comments_ibfk_1` FOREIGN KEY (`post_id`) REFERENCES `posts` (`id`) ON DELETE CASCADE;

--
-- Constraints for table `post_dislikes`
--
ALTER TABLE `post_dislikes`
  ADD CONSTRAINT `post_dislikes_ibfk_1` FOREIGN KEY (`user_id`) REFERENCES `users` (`id`) ON DELETE CASCADE,
  ADD CONSTRAINT `post_dislikes_ibfk_2` FOREIGN KEY (`post_id`) REFERENCES `posts` (`id`) ON DELETE CASCADE;

--
-- Constraints for table `post_likes`
--
ALTER TABLE `post_likes`
  ADD CONSTRAINT `post_likes_ibfk_1` FOREIGN KEY (`user_id`) REFERENCES `users` (`id`) ON DELETE CASCADE,
  ADD CONSTRAINT `post_likes_ibfk_2` FOREIGN KEY (`post_id`) REFERENCES `posts` (`id`) ON DELETE CASCADE;
COMMIT;

/*!40101 SET CHARACTER_SET_CLIENT=@OLD_CHARACTER_SET_CLIENT */;
/*!40101 SET CHARACTER_SET_RESULTS=@OLD_CHARACTER_SET_RESULTS */;
/*!40101 SET COLLATION_CONNECTION=@OLD_COLLATION_CONNECTION */;
